2026-05-18 12:14:51,22.8,7.3,104.9
2026-05-18 12:14:54,17.3,8.4,66.2
2026-05-18 12:14:57,20.2,7.3,84.0
2026-05-18 12:15:00,17.5,7.1,37.5
2026-05-18 12:15:03,28.3,7.6,68.4
2026-05-18 12:15:06,27.7,7.8,101.5
2026-05-18 12:15:09,22.5,7.2,37.3
2026-05-18 12:15:12,24.4,8.2,5.5
2026-05-18 12:15:15,20.9,7.0,57.7
2026-05-18 12:15:18,18.9,6.5,23.0
2026-05-18 12:15:21,15.8,8.0,14.2
2026-05-18 12:15:24,17.6,6.4,84.3
2026-05-18 12:15:27,17.7,7.9,46.9
2026-05-18 12:15:30,19.2,6.1,116.2
2026-05-18 12:15:33,27.8,7.2,105.1
2026-05-18 12:15:36,18.6,8.0,91.6
2026-05-18 12:15:39,15.6,7.9,31.5
2026-05-18 12:15:42,23.7,7.5,3.3
2026-05-18 12:15:45,20.6,7.5,0.6
2026-05-18 12:15:48,24.6,6.6,68.9
2026-05-18 12:15:51,26.8,7.0,71.2
2026-05-18 12:15:54,19.3,6.3,9.1
2026-05-18 12:15:57,25.6,6.5,33.9
2026-05-18 12:16:00,26.4,6.1,109.5
2026-05-18 12:16:03,19.0,6.0,101.1
2026-05-18 12:16:06,29.4,7.4,71.6
2026-05-18 12:16:09,27.4,8.3,119.8
2026-05-18 12:16:12,30.0,8.4,53.0
2026-05-18 12:16:15,29.2,6.7,10.6
2026-05-18 12:16:18,23.8,6.1,15.4
2026-05-18 12:16:21,22.8,8.6,115.6
2026-05-18 12:16:24,17.7,7.6,4.0
2026-05-18 12:16:27,16.8,8.8,84.8
2026-05-18 12:16:30,20.8,6.8,110.4
2026-05-18 12:16:33,26.3,7.3,82.1
2026-05-18 12:16:36,24.9,8.1,35.6
2026-05-18 12:16:39,18.5,8.3,107.6
2026-05-18 12:16:42,15.7,9.0,5.8
2026-05-18 12:16:45,18.9,6.1,7.7
2026-05-18 12:16:48,29.2,6.6,65.7
2026-05-18 12:16:51,28.3,8.5,39.8
2026-05-18 12:16:54,28.4,6.0,92.1
2026-05-18 12:16:57,21.9,9.0,115.3
2026-05-18 12:17:01,22.2,7.3,8.1
2026-05-18 12:17:04,28.2,6.7,51.6
2026-05-18 12:17:07,15.6,8.3,89.9
2026-05-18 12:17:10,18.5,6.4,107.7
2026-05-18 12:17:13,29.0,7.3,93.0
2026-05-18 12:17:16,15.3,9.0,57.1
2026-05-18 12:17:19,15.1,7.7,69.9
2026-05-18 12:17:22,16.0,8.0,80.2
2026-05-18 12:17:25,15.2,7.9,72.8
2026-05-18 12:17:28,28.9,6.6,31.7
2026-05-18 12:17:31,24.0,6.1,62.8
2026-05-18 12:17:34,23.9,8.7,53.8
2026-05-18 12:17:37,22.5,7.8,3.3
2026-05-18 12:17:40,21.1,7.0,60.2
2026-05-18 12:17:43,23.2,7.8,62.1
2026-05-18 12:17:46,18.8,6.1,72.2
2026-05-18 12:17:49,24.5,7.1,104.2
2026-05-18 12:17:52,17.7,8.5,15.7
2026-05-18 12:17:55,28.6,8.0,114.1
2026-05-18 12:17:58,24.5,7.6,110.2
2026-05-18 12:18:01,28.1,7.5,78.3
2026-05-18 12:18:04,26.0,8.9,32.3
2026-05-18 12:18:07,21.0,6.5,37.1
2026-05-18 12:18:10,16.9,7.8,112.3
2026-05-18 12:18:13,29.4,6.5,107.3
2026-05-18 12:18:16,17.5,7.8,40.6
2026-05-18 12:18:19,22.2,7.5,87.7
2026-05-18 12:18:22,25.3,6.8,86.8
2026-05-18 12:18:25,20.6,7.9,115.9
2026-05-18 12:18:28,28.3,7.2,61.6
2026-05-18 12:18:31,22.7,7.6,70.6
2026-05-18 12:18:34,15.4,6.8,8.7
2026-05-18 12:18:37,15.1,8.6,118.5
2026-05-18 12:18:40,24.9,6.9,64.4
2026-05-18 12:18:43,24.8,8.7,112.9
2026-05-18 12:18:46,21.3,8.3,17.2
2026-05-18 12:18:49,28.3,8.8,30.7
2026-05-18 12:18:52,25.6,7.2,95.5
2026-05-18 12:18:55,22.3,6.3,85.3
2026-05-18 12:18:58,22.7,7.6,82.0
2026-05-18 12:19:01,26.7,8.7,107.3
2026-05-18 12:19:04,29.6,6.9,74.3
2026-05-18 12:19:07,21.9,7.1,93.0
2026-05-18 12:19:10,22.3,7.5,54.7
2026-05-18 12:19:13,18.8,8.9,85.7
2026-05-18 12:19:16,15.5,8.3,71.0
2026-05-18 12:19:20,20.9,7.6,82.1
2026-05-18 12:19:23,27.6,6.7,3.7
2026-05-18 12:19:26,18.2,8.6,38.6
2026-05-18 12:19:29,28.2,7.0,17.8
2026-05-18 12:19:32,15.4,6.4,46.4
2026-05-18 12:19:35,16.9,6.9,10.9
2026-05-18 12:19:38,21.4,7.8,15.7
2026-05-18 12:19:41,22.4,8.2,34.6
2026-05-18 12:19:44,24.9,8.8,107.8
2026-05-18 12:19:47,20.1,7.2,42.4
2026-05-18 12:19:50,17.4,7.9,23.9
2026-05-18 12:19:53,19.1,6.5,97.5
2026-05-18 12:19:56,25.0,7.5,42.7
2026-05-18 12:19:59,19.2,6.7,85.9
2026-05-18 12:20:02,24.0,6.9,23.7
2026-05-18 12:20:05,22.3,7.5,64.9
2026-05-18 12:20:08,25.1,6.5,32.0
2026-05-18 12:20:11,17.5,6.5,96.3
2026-05-18 12:20:14,25.7,6.8,42.6
2026-05-18 12:20:17,25.4,7.4,6.2
2026-05-18 12:20:20,25.8,7.6,50.6
2026-05-18 12:20:23,22.5,7.2,64.5
2026-05-18 12:20:26,15.1,6.2,42.6
2026-05-18 12:20:29,17.9,7.8,57.1
2026-05-18 12:20:32,16.3,6.4,32.8
2026-05-18 12:20:35,23.5,9.0,115.8
2026-05-18 12:20:38,22.1,8.1,68.5
2026-05-18 12:20:41,23.7,6.7,84.9
2026-05-18 12:20:44,23.9,7.5,117.2
2026-05-18 12:20:47,27.4,6.4,96.9
2026-05-18 12:20:50,28.0,7.6,60.6
2026-05-18 12:20:53,24.1,6.5,87.4
2026-05-18 12:20:56,15.5,8.9,7.8
2026-05-18 12:20:59,22.0,7.8,110.0
2026-05-18 12:21:02,23.8,8.9,104.1
2026-05-18 12:21:05,22.6,6.6,62.1
2026-05-18 12:21:08,16.1,6.4,103.2
2026-05-18 12:21:11,23.5,6.5,73.3
2026-05-18 12:21:14,16.0,8.2,79.7
2026-05-18 12:21:17,20.2,8.7,56.4
2026-05-18 12:21:20,16.5,9.0,43.6
2026-05-18 12:21:23,19.4,7.2,16.4
2026-05-18 12:21:26,18.0,8.2,50.6
2026-05-18 12:21:29,21.2,7.7,83.6
2026-05-18 12:21:32,26.9,6.7,25.1
2026-05-18 12:21:35,29.7,7.5,23.3
2026-05-18 12:21:38,28.3,7.7,69.4
2026-05-18 12:21:41,26.9,6.8,21.5
2026-05-23 09:28:17,23.1,9.0,37.6
2026-05-23 09:28:20,15.7,8.1,62.8
2026-05-23 09:28:23,26.3,7.6,70.1
2026-05-23 09:28:26,22.2,8.4,45.8
2026-05-23 09:28:29,27.2,8.0,46.6
2026-05-23 09:28:32,18.0,8.1,95.6
2026-05-23 09:28:35,23.6,7.2,113.5
2026-05-23 09:28:38,25.8,7.3,113.6
2026-05-23 09:28:41,26.4,7.4,41.2
2026-05-23 09:28:44,28.9,8.6,93.0
2026-05-23 09:28:47,21.1,8.7,3.9
2026-05-23 09:28:50,20.3,8.7,13.7
2026-05-23 09:28:53,18.6,7.4,107.7
2026-05-23 09:28:56,24.7,7.2,98.6
2026-05-23 09:28:59,26.6,7.8,16.5
2026-05-23 09:29:02,27.9,8.9,65.2
2026-05-23 09:29:05,18.3,7.8,88.4
2026-05-23 09:29:08,23.9,7.3,31.5
2026-05-23 09:29:11,16.0,6.9,71.7
2026-05-23 09:29:14,24.6,6.1,47.3
2026-05-23 09:29:17,23.9,8.6,52.7
2026-05-23 09:29:20,17.9,8.9,5.4
2026-05-23 09:29:23,25.8,6.6,47.9
2026-05-23 09:29:26,29.6,6.0,44.4
2026-05-23 09:29:29,19.5,8.0,91.7
2026-05-23 09:29:32,25.1,6.0,112.5
2026-05-23 09:29:35,29.6,6.7,105.7
2026-05-23 09:29:38,18.5,8.5,87.5
2026-05-23 09:29:41,17.3,6.4,13.0
2026-05-23 09:29:44,15.6,8.2,100.7
2026-05-23 09:29:47,18.3,6.0,51.0
2026-05-23 09:29:50,23.7,6.2,117.7
2026-05-23 09:29:53,25.4,6.6,0.4
2026-05-23 09:29:56,18.2,7.1,108.6
2026-05-23 09:29:59,17.8,7.7,98.6
2026-05-23 09:30:02,15.1,6.3,56.1
2026-05-23 09:30:05,21.5,8.3,74.2
2026-05-23 09:30:08,27.5,7.7,31.0
2026-05-23 09:30:11,27.8,6.4,61.6
2026-05-23 09:30:14,15.3,8.7,101.9
2026-05-23 09:30:17,28.5,7.0,38.8
2026-05-23 09:30:20,28.3,6.9,34.9
2026-05-23 09:30:23,21.8,7.3,29.9
2026-05-23 09:30:26,29.6,7.0,73.4
2026-05-23 09:30:29,22.3,6.4,88.6
2026-05-23 09:30:32,19.5,8.9,70.9
2026-05-23 09:30:35,21.8,6.1,102.5
2026-05-23 09:30:38,25.4,6.1,83.3
2026-05-23 09:30:41,17.1,8.4,99.3
2026-05-23 09:30:44,24.9,7.7,110.8
2026-05-23 09:30:47,23.9,7.4,103.0
2026-05-23 09:30:51,29.9,7.0,22.4
2026-05-23 09:30:54,20.7,8.2,85.2
2026-05-23 09:30:57,26.8,7.3,112.8
2026-05-23 09:31:00,26.3,6.3,59.2
2026-05-23 09:31:03,23.9,8.2,31.2
2026-05-23 09:31:06,18.3,7.3,95.1
2026-05-23 09:31:09,18.0,7.9,13.9
2026-05-23 09:31:12,25.2,6.7,89.1
2026-05-23 09:31:15,15.7,6.3,8.8
2026-05-23 09:31:18,27.2,6.7,102.0
2026-05-23 09:31:21,26.7,8.5,107.7
2026-05-23 09:31:24,27.0,8.0,7.4
2026-05-23 09:31:27,24.1,7.3,11.9
2026-05-23 09:31:30,25.6,8.7,45.4
2026-05-23 09:31:33,24.0,8.2,68.3
2026-05-23 09:31:36,18.1,7.7,74.8
2026-05-23 09:31:39,23.6,7.8,69.6
2026-05-23 09:31:42,21.5,6.2,85.1
2026-05-23 09:31:45,17.3,8.3,13.4
2026-05-23 09:31:48,21.6,6.5,23.4
2026-05-23 09:31:51,29.3,7.8,96.8
2026-05-23 09:31:54,17.1,8.9,59.3
2026-05-23 09:34:28,28.6,7.7,3.0
2026-05-23 09:34:31,16.3,7.6,27.6
2026-05-23 09:34:34,15.8,9.0,16.6
2026-05-23 09:34:37,27.9,7.2,87.4
2026-05-23 09:34:40,18.6,8.0,56.3
2026-05-23 09:34:43,20.2,6.6,64.9
2026-05-23 09:34:46,19.5,8.3,64.6
2026-05-23 09:34:49,18.9,6.4,37.5
2026-05-23 09:34:52,28.0,6.8,25.6
2026-05-23 09:34:55,25.9,6.8,99.0
2026-05-23 09:34:58,26.0,6.2,87.0
2026-05-23 09:35:01,28.3,8.3,22.2
2026-05-23 09:35:04,19.7,7.5,35.4
2026-05-23 09:35:07,18.5,7.0,42.8
2026-05-23 09:35:10,15.9,7.0,64.3
2026-05-23 09:35:13,29.7,7.0,20.2
2026-05-23 09:35:16,17.5,8.3,89.3
2026-05-23 09:35:19,19.1,8.7,80.7
2026-05-23 09:35:23,19.6,7.5,39.6
2026-05-23 09:35:26,18.9,6.6,43.2
2026-05-23 09:35:29,26.9,8.3,74.1
2026-05-23 09:35:32,20.9,7.3,115.9
2026-05-23 09:35:35,15.1,7.7,58.9
2026-05-23 09:35:38,25.1,8.4,39.2
2026-05-23 09:35:41,15.6,8.4,62.9
2026-05-23 09:35:44,22.0,6.7,113.2
2026-05-23 09:35:47,26.9,6.1,27.2
2026-05-23 09:35:50,19.2,6.5,35.3
2026-05-23 09:35:53,18.8,6.7,2.5
2026-05-23 09:35:56,25.8,8.2,113.2
2026-05-23 09:35:59,26.6,7.0,115.7
2026-05-23 09:36:02,22.6,7.8,69.8
2026-05-23 09:36:05,19.5,6.9,20.6
2026-05-23 09:36:08,24.5,6.4,43.8
2026-05-23 09:36:11,18.1,6.3,0.1
2026-05-23 09:36:14,20.2,7.6,36.1
2026-05-23 09:36:17,20.4,8.4,49.1
2026-05-23 09:36:20,27.3,7.0,28.9
2026-05-23 09:36:23,20.9,8.2,67.1
2026-05-23 09:36:26,29.8,7.5,97.3
2026-05-23 09:36:29,16.2,8.4,97.8
2026-05-23 09:36:32,23.7,7.5,69.3
2026-05-23 09:36:35,20.9,7.6,67.5
2026-05-23 09:36:38,28.8,6.4,98.6
2026-05-23 09:36:41,19.2,8.8,33.1
2026-05-23 09:36:44,24.5,7.6,50.6
2026-05-23 09:36:47,15.5,8.7,36.3
2026-05-23 09:36:50,15.8,7.0,52.5
2026-05-23 09:36:53,28.1,7.0,55.0
2026-05-23 09:36:56,19.9,8.9,16.9
2026-05-23 09:36:59,22.1,8.9,53.6
2026-05-23 09:37:02,22.1,7.6,74.4
2026-05-23 09:37:05,26.7,6.3,93.0
2026-05-23 09:37:08,27.5,8.9,9.8
2026-05-23 09:37:11,21.9,7.8,65.0
2026-05-23 09:37:14,24.3,6.2,27.9
2026-05-23 09:37:17,17.8,8.3,101.4
2026-05-23 09:37:20,16.8,8.8,5.0
2026-05-23 09:37:23,27.4,7.5,72.2
2026-05-23 09:37:26,28.0,6.8,48.1
2026-05-23 09:37:29,23.4,8.3,92.3
2026-05-23 09:37:32,22.3,8.9,75.9
2026-05-23 09:37:35,22.0,8.4,101.1
2026-05-23 09:37:38,23.7,8.5,42.4
2026-05-23 09:37:41,23.4,7.4,95.4
2026-05-23 09:37:44,23.2,7.9,90.2
2026-05-23 09:37:47,17.4,8.5,37.8
2026-05-23 09:37:50,25.3,8.0,20.7
2026-05-23 09:37:53,21.6,7.5,67.7
2026-05-23 09:37:56,23.1,6.7,53.4
2026-05-23 09:37:59,18.7,8.0,44.8
2026-05-23 09:38:02,19.2,6.3,52.0
2026-05-23 09:38:05,19.8,6.5,85.6
2026-05-23 09:38:08,20.2,6.5,22.1
2026-05-23 09:38:12,15.6,8.7,78.8
2026-05-23 09:38:15,26.2,8.0,102.2
2026-05-23 09:38:18,20.3,8.7,42.6
2026-05-23 09:38:21,18.1,8.9,85.6
2026-05-23 09:38:24,28.0,7.6,16.6
2026-05-23 09:38:27,23.3,8.6,115.1
2026-05-23 09:38:30,15.6,6.4,46.3
2026-05-23 09:38:33,23.5,6.4,19.1
2026-05-23 09:38:36,19.5,8.1,102.2
2026-05-23 09:38:39,26.0,8.4,47.7
2026-05-23 09:38:42,16.4,8.6,33.8
2026-05-23 09:38:45,20.0,8.5,11.9
2026-05-23 09:38:48,22.3,8.8,31.1
2026-05-23 09:38:51,28.1,7.0,118.8
2026-05-23 09:38:54,23.1,6.9,70.4
2026-05-23 09:38:57,24.3,6.5,30.9
2026-05-23 09:39:00,26.2,7.2,14.1
2026-05-23 09:39:03,24.0,6.7,111.0
2026-05-23 09:39:06,22.0,8.8,51.5
2026-05-23 09:39:09,27.8,6.8,80.5
2026-05-23 09:39:12,15.2,8.2,12.2
2026-05-23 09:39:15,19.8,7.9,4.8
2026-05-23 09:39:18,23.2,6.1,1.7
2026-05-23 09:39:21,23.2,7.0,85.8
2026-05-23 09:39:24,20.8,6.2,3.6
2026-05-23 09:39:27,27.2,6.1,21.9
2026-05-23 09:39:30,24.5,6.3,24.7
2026-05-23 09:39:33,24.7,7.3,69.6
2026-05-23 09:39:36,29.5,9.0,23.2
2026-05-23 09:39:39,29.0,6.3,64.9
2026-05-23 09:39:42,28.7,8.1,39.6
2026-05-23 09:39:45,24.5,7.1,65.7
2026-05-23 09:39:48,16.1,6.4,55.3
2026-05-23 09:39:51,16.2,8.6,111.1
2026-05-23 09:39:54,24.7,7.3,83.9
2026-05-23 09:39:57,23.6,6.8,99.0
2026-05-23 09:40:00,20.4,8.3,12.4
2026-05-23 09:40:03,26.9,9.0,9.1
2026-05-23 09:40:06,22.9,7.2,6.3
2026-05-23 09:40:09,16.9,6.4,9.4
2026-05-23 09:40:12,16.7,7.4,65.9
2026-05-23 09:40:15,19.7,8.9,81.6
2026-05-23 09:40:18,25.5,8.3,78.5
2026-05-23 09:40:21,21.9,8.7,72.8
2026-05-23 09:40:24,19.6,7.1,59.1
2026-05-23 09:40:27,19.2,8.5,87.9
2026-05-23 09:40:30,25.0,6.2,83.6
2026-05-23 09:40:33,17.9,6.0,115.3
2026-05-23 09:40:36,17.1,6.4,43.2
2026-05-23 09:40:40,20.0,8.5,70.3
2026-05-23 09:40:43,29.0,6.2,86.4
2026-05-23 09:40:46,17.7,6.3,95.8
2026-05-23 09:40:49,22.7,8.3,6.6
2026-05-23 09:40:52,17.8,6.4,59.5
2026-05-23 09:40:55,16.0,6.8,12.7
2026-05-23 09:40:58,18.2,6.2,85.3
2026-05-23 09:41:01,15.8,8.7,113.7
2026-05-23 09:41:04,20.1,8.7,35.3
2026-05-23 09:41:07,23.0,7.4,60.8
2026-05-23 09:41:10,16.6,6.2,18.7
2026-05-23 09:41:13,23.1,8.5,44.9
2026-05-23 09:41:16,29.9,7.8,75.2
2026-05-23 09:41:19,16.1,6.6,103.6
2026-05-23 09:41:22,23.9,8.8,119.1
2026-05-23 09:41:25,18.7,6.5,71.7
2026-05-23 09:41:28,19.8,6.1,111.6
2026-05-23 09:41:31,17.7,7.5,15.4
2026-05-23 09:41:34,16.0,7.0,99.7
2026-05-23 09:41:37,22.1,6.6,70.6
2026-05-23 09:41:40,26.0,7.0,97.5
2026-05-23 09:41:43,29.6,6.8,7.6
2026-05-23 09:41:46,18.5,6.2,100.5
2026-05-23 09:41:49,22.4,6.7,42.1
2026-05-23 09:41:52,17.0,8.0,89.3
2026-05-23 09:41:55,27.2,6.9,75.2
2026-05-23 09:41:58,27.7,8.7,45.6
2026-05-23 09:42:01,20.4,8.2,3.2
2026-05-23 09:42:04,27.7,6.9,91.3
2026-05-23 09:42:07,26.0,8.2,107.2
2026-05-23 09:42:10,28.0,8.6,109.1
2026-05-23 09:42:13,15.2,6.7,109.8
2026-05-23 09:42:16,21.7,8.7,108.7
2026-05-23 09:42:19,18.4,6.8,25.6
2026-05-23 09:42:22,22.5,8.1,25.5
2026-05-23 09:42:25,28.9,8.3,88.0
2026-05-23 09:42:28,27.4,8.6,80.3
2026-05-23 09:42:31,17.2,7.8,5.0
2026-05-23 09:42:34,24.7,6.9,94.5
2026-05-23 09:42:37,25.1,7.8,109.0
2026-05-23 09:42:40,21.6,6.8,47.7
2026-05-23 09:42:43,22.0,8.5,54.9
2026-05-23 09:42:46,19.6,8.6,54.0
2026-05-23 09:42:49,27.4,6.7,25.9
2026-05-23 09:42:52,26.8,8.6,105.2
2026-05-23 09:42:55,29.7,7.6,5.6
2026-05-23 09:42:58,25.8,9.0,43.5
2026-05-23 09:43:01,16.9,7.1,96.0
2026-05-23 09:43:04,19.5,6.3,38.3
2026-05-23 09:43:07,26.8,8.7,32.0
2026-05-23 09:43:10,28.5,6.3,107.1
2026-05-23 09:43:13,17.9,8.0,3.7
2026-05-23 09:43:16,17.2,8.4,7.4
2026-05-23 09:43:19,15.5,6.2,30.6
2026-05-23 09:43:22,26.5,8.3,94.2
2026-05-23 09:43:26,25.9,6.2,108.9
2026-05-23 09:43:29,19.4,8.3,77.1
2026-05-23 09:43:32,28.6,8.8,107.0
2026-05-23 09:43:35,27.1,6.1,118.8
2026-05-23 09:43:38,28.8,6.8,41.3
2026-05-23 09:43:41,20.0,8.6,29.6
2026-05-23 09:43:44,23.6,8.2,54.0
2026-05-23 09:43:47,20.4,6.7,74.5
2026-05-23 09:43:50,29.6,8.8,103.8
2026-05-23 09:43:53,24.5,8.6,66.6
2026-05-23 09:43:56,26.0,6.3,96.0
2026-05-23 09:43:59,18.6,8.7,14.9
2026-05-23 09:44:02,16.1,8.9,61.4
2026-05-23 09:44:05,17.3,8.4,46.1
2026-05-23 09:44:08,16.6,6.6,48.3
2026-05-23 09:44:11,16.7,8.4,119.3
2026-05-23 09:44:14,29.2,8.2,61.3
2026-05-23 09:44:17,28.4,7.3,33.2
2026-05-23 09:44:20,15.7,7.3,107.7
2026-05-23 09:44:23,26.0,8.5,27.9
2026-05-23 09:44:26,28.0,6.8,35.3
2026-05-23 09:44:29,15.4,7.8,63.1
2026-05-23 09:44:32,27.1,6.6,22.2
2026-05-23 09:44:35,16.8,6.4,73.6
2026-05-23 09:44:38,25.6,7.3,6.3
2026-05-23 09:44:41,16.6,8.9,104.9
2026-05-23 09:44:44,18.3,7.6,7.8
2026-05-23 09:44:47,16.9,7.5,112.7
2026-05-23 09:44:50,18.8,7.9,117.0
2026-05-23 09:44:53,23.7,6.7,16.7
2026-05-23 09:44:56,29.0,6.5,31.2
2026-05-23 09:44:59,21.4,6.1,103.6
2026-05-23 09:45:02,24.7,6.2,49.7
2026-05-23 09:45:05,22.5,8.3,61.1
2026-05-23 09:45:08,15.9,6.8,33.3
2026-05-23 09:45:11,27.0,9.0,112.4
2026-05-23 09:45:14,25.3,6.3,9.3
2026-05-23 09:45:17,19.4,8.6,48.1
2026-05-23 09:45:20,21.7,6.8,19.9
2026-05-23 09:45:23,28.1,7.2,21.9
2026-05-23 09:45:26,24.7,8.8,67.2
2026-05-23 09:45:29,25.0,6.2,62.9
2026-05-23 09:45:32,18.1,7.9,116.1
2026-05-23 09:45:35,26.3,7.1,12.4
2026-05-23 09:45:38,24.1,6.1,54.2
2026-05-23 09:45:41,22.6,7.9,29.4
2026-05-23 09:45:44,20.3,7.1,103.1
2026-05-23 09:45:48,27.5,7.1,75.1
2026-05-23 09:45:51,18.5,7.2,59.6
2026-05-23 09:45:54,28.2,7.2,107.0
2026-05-23 09:45:57,24.4,6.3,54.4
2026-05-23 09:46:00,16.0,7.5,71.0
2026-05-23 09:46:03,23.7,7.9,96.1
2026-05-23 09:46:06,16.6,7.9,53.7
2026-05-23 09:46:09,21.4,8.9,30.6
2026-05-23 09:46:12,27.0,6.9,81.7
2026-05-23 09:46:15,29.2,7.5,1.5
2026-05-23 09:46:18,24.6,6.9,107.6
2026-05-23 09:46:21,26.9,6.2,7.5
2026-05-23 09:46:24,25.9,7.4,61.2
2026-05-23 09:46:27,20.7,6.1,17.8
2026-05-23 09:46:30,16.5,6.9,62.2
2026-05-23 09:46:33,22.7,8.5,74.3
2026-05-23 09:46:36,15.4,6.4,51.5
2026-05-23 09:46:39,26.8,8.0,16.6
2026-05-23 09:46:42,24.9,6.7,97.0
2026-05-23 09:46:45,17.2,6.1,21.3
2026-05-23 09:46:48,29.9,8.7,8.6
2026-05-23 09:46:51,15.9,9.0,40.4
2026-05-23 09:46:54,25.6,7.7,19.9
2026-05-23 09:46:57,17.0,7.2,93.7
2026-05-23 09:47:00,25.8,7.3,32.3
2026-05-23 09:47:03,25.9,8.8,97.2
2026-05-23 09:47:06,16.5,8.2,106.5
2026-05-23 09:47:09,16.1,7.9,111.4
2026-05-23 09:47:12,22.8,8.7,17.3
2026-05-23 09:47:15,19.2,7.7,52.8
2026-05-23 09:47:18,20.9,7.8,99.7
2026-05-23 09:47:21,23.7,7.0,23.8
2026-05-23 09:47:24,22.5,6.6,6.1
2026-05-23 09:47:27,25.5,7.7,26.3
2026-05-23 09:47:30,29.3,8.7,11.5
2026-05-23 09:47:33,15.2,7.0,12.0
2026-05-23 09:47:36,20.5,8.0,34.3
2026-05-23 09:47:39,15.1,6.2,85.8
2026-05-23 09:47:42,21.8,7.8,12.5
2026-05-23 09:47:45,27.9,6.6,64.1
2026-05-23 09:47:48,16.1,6.5,20.7
2026-05-23 09:47:51,19.5,6.8,60.2
2026-05-23 09:47:54,24.8,6.8,16.6
2026-05-23 09:47:57,29.4,8.7,45.3
2026-05-23 09:48:00,29.6,6.7,20.5
2026-05-23 09:48:03,19.7,6.0,9.2
2026-05-23 09:48:06,22.5,8.2,12.0
2026-05-23 09:48:10,29.1,7.3,97.4
2026-05-23 09:48:13,29.7,7.0,114.3
2026-05-23 09:48:16,25.8,6.5,91.5
2026-05-23 09:48:19,24.1,7.1,19.6
2026-05-23 09:48:22,26.5,6.6,38.3
2026-05-23 09:48:25,28.4,6.6,14.1
2026-05-23 09:48:28,20.2,6.6,84.4
2026-05-23 09:48:31,20.3,7.2,59.8
2026-05-23 09:48:34,28.3,7.7,24.2
2026-05-23 09:48:37,16.2,8.0,110.2
2026-05-23 09:48:40,21.3,8.7,73.0
2026-05-23 09:48:43,15.3,8.3,101.1
2026-05-23 09:48:46,19.1,7.8,95.6
2026-05-23 09:48:49,23.3,7.5,113.5
2026-05-23 09:48:52,27.3,6.6,19.7
2026-05-23 09:48:55,24.1,6.5,49.1
2026-05-23 09:48:58,29.6,8.1,78.8
2026-05-23 09:49:01,23.5,6.5,30.7
2026-05-23 09:49:04,24.9,6.7,14.0
2026-05-23 09:49:07,18.2,6.1,92.8
2026-05-23 09:49:10,18.9,7.6,58.8
2026-05-23 09:49:13,28.7,7.8,10.0
2026-05-23 09:49:16,18.6,7.5,79.4
2026-05-23 09:49:19,24.2,6.2,33.6
2026-05-23 09:49:22,23.5,8.6,22.5
2026-05-23 09:49:25,26.4,6.9,110.6
2026-05-23 09:49:28,26.9,6.3,57.1
2026-05-23 09:49:31,17.7,7.8,36.8
2026-05-23 09:49:34,28.2,6.9,1.7
2026-05-23 09:49:37,29.1,6.9,20.5
2026-05-23 09:49:40,21.1,6.1,76.2
2026-05-23 09:49:43,15.5,8.1,71.6
2026-05-23 09:49:46,23.9,7.9,118.2
2026-05-23 09:49:49,21.2,8.7,51.9
2026-05-23 09:49:52,18.7,8.4,108.2
2026-05-23 09:49:55,15.1,7.0,13.1
2026-05-23 09:49:58,27.0,7.2,17.5
2026-05-23 09:50:01,27.4,6.4,68.1
2026-05-23 09:50:04,22.0,6.5,109.6
2026-05-23 09:50:07,28.4,7.4,79.3
2026-05-23 09:50:10,15.2,7.1,67.3
2026-05-23 09:50:13,20.7,6.2,71.7
2026-05-23 09:50:16,25.1,7.3,73.9
2026-05-23 09:50:19,29.8,8.8,36.1
2026-05-23 09:50:22,21.6,7.9,65.7
2026-05-23 09:50:25,26.8,9.0,32.4
2026-05-23 09:50:28,21.3,6.7,23.4
2026-05-23 09:50:31,27.2,7.3,106.5
2026-05-23 09:50:34,28.1,7.2,2.5
2026-05-23 09:50:37,15.2,8.9,11.0
2026-05-23 09:50:41,28.4,7.8,19.1
2026-05-23 09:50:44,18.6,9.0,19.3
2026-05-23 09:50:47,21.5,6.6,38.8
2026-05-23 09:50:50,18.8,7.3,56.9
2026-05-23 09:50:53,29.7,8.6,53.4
2026-05-23 09:50:56,22.0,7.9,97.5
2026-05-23 09:50:59,15.1,7.8,55.1
2026-05-23 09:51:02,23.8,9.0,85.7
2026-05-23 09:51:05,25.4,7.1,116.8
2026-05-23 09:51:08,19.1,7.5,2.8
2026-05-23 09:51:11,25.8,6.4,60.8
2026-05-23 09:51:14,28.9,6.6,96.2
2026-05-23 09:51:17,15.9,7.6,99.6
2026-05-23 09:51:20,16.2,7.3,55.6
2026-05-23 09:51:23,29.3,7.7,3.2
2026-05-23 09:51:26,17.2,7.0,58.7
2026-05-23 09:51:29,16.3,6.1,94.5
2026-05-23 09:51:32,15.4,6.9,103.8
2026-05-23 09:51:35,28.9,8.4,85.1
2026-05-23 09:51:38,17.9,6.7,35.8
2026-05-23 09:51:41,17.3,8.3,110.1
2026-05-23 09:51:44,29.0,8.8,18.2
2026-05-23 09:51:47,27.6,7.9,108.9
2026-05-23 09:51:50,27.4,7.9,5.7
2026-05-23 09:51:53,29.9,8.0,83.5
2026-05-23 09:51:56,28.6,6.3,97.8
2026-05-23 09:51:59,15.7,6.7,24.4
2026-05-23 09:52:02,21.5,8.3,5.0
2026-05-23 09:52:05,29.7,8.0,110.6
2026-05-23 09:52:08,27.4,8.1,54.1
2026-05-23 09:52:11,27.8,6.5,16.9
2026-05-23 09:52:14,20.7,7.8,97.2
2026-05-23 09:52:17,22.2,7.6,104.6
2026-05-23 09:52:20,26.0,6.0,103.1
2026-05-23 09:52:23,26.6,7.1,66.2
2026-05-23 09:52:26,29.4,8.1,69.6
2026-05-23 09:52:29,26.8,8.6,110.8
2026-05-23 09:52:32,27.5,6.8,17.3
2026-05-23 09:52:35,21.3,7.0,70.7
2026-05-23 09:52:38,23.4,6.4,63.8
2026-05-23 09:52:41,21.2,7.0,107.9
2026-05-23 09:52:44,26.0,7.9,53.3
2026-05-23 09:52:47,25.3,7.8,76.6
2026-05-23 09:52:51,26.7,6.5,45.3
2026-05-23 09:52:54,21.2,8.8,11.5
2026-05-23 09:52:57,29.6,8.5,78.7
2026-05-23 09:53:00,23.3,8.4,6.5
2026-05-23 09:53:03,28.7,6.1,65.0
2026-05-23 09:53:06,17.1,7.3,47.0
2026-05-23 09:53:09,29.2,6.5,55.1
2026-05-23 09:53:12,16.0,6.3,51.2
2026-05-23 09:53:15,22.4,7.1,39.8
2026-05-23 09:53:18,25.9,7.9,99.4
2026-05-23 09:53:21,18.9,7.9,30.1
2026-05-23 09:53:24,17.9,7.7,82.8
2026-05-23 09:53:27,29.7,6.9,38.5
2026-05-23 09:53:30,28.5,7.4,101.5
2026-05-23 09:53:33,27.3,7.7,37.7
2026-05-23 09:53:36,20.0,6.6,23.2
2026-05-23 09:53:39,29.0,7.0,44.0
2026-05-23 09:53:42,18.9,6.8,56.4
2026-05-23 09:53:45,25.1,8.0,37.6
2026-05-23 09:53:48,24.3,8.1,52.1
2026-05-23 09:53:51,16.7,7.1,17.0
2026-05-23 09:53:54,17.1,7.2,17.8
2026-05-23 09:53:57,22.5,6.4,84.7
2026-05-23 09:54:00,27.7,6.1,72.6
2026-05-23 09:54:03,19.4,7.1,103.7
2026-05-23 09:54:06,18.1,6.9,99.3
2026-05-23 09:54:09,25.9,7.0,78.9
2026-05-23 09:54:12,19.8,7.0,116.9
2026-05-23 09:54:15,25.5,6.6,40.8
2026-05-23 09:54:18,15.6,7.0,11.0
2026-05-23 09:54:21,19.9,7.7,5.4
2026-05-23 09:54:24,25.8,8.3,88.3
2026-05-23 09:54:27,26.4,6.1,96.6
2026-05-23 09:54:30,20.0,8.1,16.2
2026-05-23 09:54:33,27.5,7.7,92.1
2026-05-23 09:54:36,18.6,6.6,92.8
2026-05-23 09:54:39,25.1,7.5,46.5
2026-05-23 09:54:42,21.6,8.3,74.4
2026-05-23 09:54:45,27.8,6.5,22.5
2026-05-23 09:54:48,23.0,8.4,35.3
2026-05-23 09:54:51,29.7,6.1,47.7
2026-05-23 09:54:54,25.5,8.7,2.6
2026-05-23 09:54:57,17.2,6.4,37.4
2026-05-23 09:55:00,16.3,7.7,13.0
2026-05-23 09:55:03,26.4,6.5,118.8
2026-05-23 09:55:06,19.0,6.1,9.6
2026-05-23 09:55:09,17.0,9.0,69.6
2026-05-23 09:55:12,27.2,8.9,114.2
2026-05-23 09:55:15,17.5,8.9,51.5
2026-05-23 09:55:18,17.9,7.3,66.2
2026-05-23 09:55:22,18.4,6.6,34.3
2026-05-23 09:55:25,19.0,8.4,92.2
2026-05-23 09:55:28,29.3,7.2,84.8
2026-05-23 09:55:31,25.2,7.2,3.7
2026-05-23 09:55:34,16.9,8.0,106.3
2026-05-23 09:55:37,17.5,6.2,74.6
2026-05-23 09:55:40,27.2,7.0,5.3
2026-05-23 09:55:43,25.7,7.8,87.1
2026-05-23 09:55:46,26.5,6.9,49.1
2026-05-23 09:55:49,17.7,8.6,91.8
2026-05-23 09:55:52,15.9,8.7,117.2
2026-05-23 09:55:55,26.2,7.7,68.1
2026-05-23 09:55:58,19.7,8.9,7.0
2026-05-23 09:56:01,19.0,8.1,81.6
2026-05-23 09:56:04,26.4,6.3,9.4
2026-05-23 09:56:07,23.6,8.3,78.6
2026-05-23 09:56:10,16.9,8.2,63.2
2026-05-23 09:56:13,19.9,6.7,26.1
2026-05-23 09:56:16,16.5,8.2,55.9
2026-05-23 09:56:19,15.4,7.9,29.2
2026-05-23 09:56:22,18.9,6.0,36.4
2026-05-23 09:56:25,21.7,6.4,27.8
2026-05-23 09:56:28,26.5,7.0,36.4
2026-05-23 09:56:31,15.6,8.8,8.2
2026-05-23 09:56:34,18.6,7.0,74.2
2026-05-23 09:56:37,25.7,6.9,79.3
2026-05-23 09:56:40,15.8,7.2,46.5
2026-05-23 09:56:43,28.8,6.1,80.2
2026-05-23 09:56:46,17.6,7.1,11.2
2026-05-23 09:56:49,19.3,7.9,55.8
2026-05-23 09:56:52,15.9,8.8,84.4
2026-05-23 09:56:55,29.0,7.1,117.9
2026-05-23 09:56:58,22.4,7.0,83.7
2026-05-23 09:57:01,18.4,7.6,83.9
2026-05-23 09:57:04,28.8,6.8,108.7
2026-05-23 09:57:07,17.8,6.2,96.9
2026-05-23 09:57:10,22.5,8.6,21.8
2026-05-23 09:57:13,24.5,6.3,72.7
2026-05-23 09:57:16,17.3,8.4,4.4
2026-05-23 09:57:19,23.1,6.4,41.3
2026-05-23 09:57:22,16.6,8.8,75.1
2026-05-23 09:57:25,27.4,6.7,79.6
2026-05-23 09:57:28,25.9,7.1,19.7
2026-05-23 09:57:31,17.0,8.8,40.1
2026-05-23 09:57:34,27.4,8.7,111.5
2026-05-23 09:57:38,17.1,9.0,111.3
2026-05-23 09:57:41,16.0,8.9,48.5
2026-05-23 09:57:44,20.8,7.8,104.7
2026-05-23 09:57:47,17.7,6.1,59.0
2026-05-23 09:57:50,29.9,7.7,47.9
2026-05-23 09:57:53,27.5,7.2,11.8
2026-05-23 09:57:56,18.1,6.2,85.2
2026-05-23 09:57:59,22.8,6.1,62.5
2026-05-23 09:58:02,24.1,6.3,47.2
2026-05-23 09:58:05,21.2,6.3,107.8
2026-05-23 09:58:08,29.2,7.4,116.9
2026-05-23 09:58:11,28.5,7.9,21.8
2026-05-23 09:58:14,23.6,8.8,109.5
2026-05-23 09:58:17,15.0,8.2,63.0
2026-05-23 09:58:20,23.0,7.5,46.9
2026-05-23 09:58:23,27.2,6.8,94.0
2026-05-23 09:58:26,15.0,8.7,104.7
2026-05-23 09:58:29,24.9,7.3,118.4
2026-05-23 09:58:32,22.5,6.8,19.3
2026-05-23 09:58:35,27.7,6.4,28.1
2026-05-23 09:58:38,26.1,6.5,11.0
2026-05-23 09:58:41,24.8,6.9,19.5
2026-05-23 09:58:44,23.2,6.8,101.1
2026-05-23 09:58:47,19.3,8.8,62.0
2026-05-23 09:58:50,29.0,8.4,8.6
2026-05-23 09:58:53,18.7,8.7,116.0
2026-05-23 09:58:56,17.6,8.6,51.4
2026-05-23 09:58:59,17.6,8.1,1.3
2026-05-23 09:59:02,28.7,8.5,118.8
2026-05-23 09:59:05,16.0,8.4,87.5
2026-05-23 09:59:08,22.2,7.1,21.4
2026-05-23 09:59:11,22.5,6.1,104.2
2026-05-23 09:59:14,18.7,8.9,6.0
2026-05-23 09:59:17,20.8,8.4,113.5
2026-05-23 09:59:20,24.8,8.5,57.8
2026-05-23 09:59:23,24.1,7.3,63.5
2026-05-23 09:59:26,26.2,6.4,115.9
2026-05-23 09:59:29,25.4,8.5,105.5
2026-05-23 09:59:32,25.3,8.2,47.3
2026-05-23 09:59:35,28.2,7.4,36.0
2026-05-23 09:59:38,15.3,7.1,24.2
2026-05-23 09:59:41,25.3,6.8,119.4
2026-05-23 09:59:44,18.7,8.2,54.2
2026-05-23 09:59:47,24.1,8.6,95.0
2026-05-23 09:59:50,29.2,8.1,28.4
2026-05-23 09:59:53,17.0,8.2,76.5
2026-05-23 09:59:56,25.7,8.1,95.1
2026-05-23 09:59:59,18.5,7.2,20.8
2026-05-23 10:00:03,15.2,8.3,16.1
2026-05-23 10:00:06,17.6,8.4,102.5
2026-05-23 10:00:09,27.7,7.1,8.5
2026-05-23 10:00:12,17.9,7.9,54.0
2026-05-23 10:00:15,26.2,8.9,35.6
2026-05-23 10:00:18,27.3,8.1,26.5
2026-05-23 10:00:21,23.6,7.9,25.8
2026-05-23 10:00:24,27.2,8.5,104.7
2026-05-23 10:00:27,22.7,6.5,115.7
2026-05-23 10:00:30,19.0,6.6,73.9
2026-05-23 10:00:33,24.4,7.5,86.9
2026-05-23 10:00:36,29.1,9.0,80.6
2026-05-23 10:00:39,19.2,8.7,77.6
2026-05-23 10:00:42,19.0,9.0,51.9
2026-05-23 10:00:45,26.8,6.0,84.7
2026-05-23 10:00:48,25.4,6.7,75.0
2026-05-23 10:00:51,26.9,7.7,80.1
2026-05-23 10:00:54,27.1,8.8,42.4
2026-05-23 10:00:57,19.9,7.2,77.7
2026-05-23 10:01:00,26.2,6.4,75.9
2026-05-23 10:01:03,17.7,7.4,62.7
2026-05-23 10:01:06,22.6,8.5,87.8
2026-05-23 10:01:09,15.5,8.9,35.3
2026-05-23 10:01:12,29.8,8.8,13.6
2026-05-23 10:01:15,18.3,6.7,108.6
2026-05-23 10:01:18,15.4,6.6,61.1
2026-05-23 10:01:21,17.4,6.9,82.6
2026-05-23 10:01:24,20.3,7.5,108.7
2026-05-23 10:01:27,22.6,7.1,44.0
2026-05-23 10:01:30,19.7,6.6,49.9
2026-05-23 10:01:33,16.9,7.4,15.7
2026-05-23 10:01:36,21.2,7.7,79.3
2026-05-23 10:01:39,25.6,7.2,109.8
2026-05-23 10:01:42,24.6,8.6,100.6
2026-05-23 10:01:45,16.7,7.8,28.2
2026-05-23 10:01:48,25.2,6.1,81.5
2026-05-23 10:01:51,16.7,7.2,10.2
2026-05-23 10:01:54,17.4,8.5,57.6
2026-05-23 10:01:57,20.1,7.4,68.3
2026-05-23 10:02:00,20.3,7.9,69.5
2026-05-23 10:02:03,27.9,7.0,101.6
2026-05-23 10:02:06,22.5,7.4,0.9
2026-05-23 10:02:09,26.9,6.2,86.1
2026-05-23 10:02:12,23.6,7.1,86.0
2026-05-23 10:02:15,20.4,6.9,15.2
2026-05-23 10:02:18,27.3,8.9,48.4
2026-05-23 10:02:21,17.2,8.7,20.2
2026-05-23 10:02:24,25.1,6.3,85.5
2026-05-23 10:02:28,25.5,7.1,107.7
2026-05-23 10:02:31,22.9,7.1,20.8
2026-05-23 10:02:34,15.5,7.0,54.0
2026-05-23 10:02:37,20.8,7.2,69.5
2026-05-23 10:02:40,27.7,6.3,99.0
2026-05-23 10:02:43,27.7,6.2,65.3
2026-05-23 10:02:46,15.7,7.4,32.6
2026-05-23 10:02:49,16.8,8.3,62.7
2026-05-23 10:02:52,21.2,6.5,107.3
2026-05-23 10:02:55,16.8,6.4,65.4
2026-05-23 10:02:58,17.2,8.7,65.2
2026-05-23 10:03:01,26.8,7.6,67.9
2026-05-23 10:03:04,29.4,9.0,31.1
2026-05-23 10:03:07,28.0,6.6,108.7
2026-05-23 10:03:10,29.1,7.0,0.6
2026-05-23 10:03:13,21.2,6.2,77.5
2026-05-23 10:03:16,27.1,7.5,111.9
2026-05-23 10:03:19,17.2,6.2,65.1
2026-05-23 10:03:22,25.3,6.5,57.4
2026-05-23 10:03:25,15.2,8.5,47.0
2026-05-23 10:03:28,21.2,8.2,92.6
2026-05-23 10:03:31,29.4,8.9,80.5
2026-05-23 10:03:34,19.6,6.1,31.7
2026-05-23 10:03:37,16.9,7.8,50.0
2026-05-23 10:03:40,18.4,8.6,17.0
2026-05-23 10:03:43,16.9,6.7,19.3
2026-05-23 10:03:46,24.4,8.5,83.8
2026-05-23 10:03:49,17.1,7.1,54.1
2026-05-23 10:03:52,22.2,8.3,102.8
2026-05-23 10:03:55,15.2,7.7,60.4
2026-05-23 10:03:58,17.4,8.4,106.3
2026-05-23 10:04:01,28.2,8.9,55.5
2026-05-23 10:04:04,19.1,6.4,99.6
2026-05-23 10:04:07,21.3,8.3,73.6
2026-05-23 10:04:10,22.4,6.3,17.5
2026-05-23 10:04:13,21.9,7.0,82.6
2026-05-23 10:04:16,15.2,7.8,115.7
2026-05-23 10:04:19,19.2,8.3,7.7
2026-05-23 10:04:22,19.6,7.7,119.7
2026-05-23 10:04:25,21.5,8.5,38.5
2026-05-23 10:04:28,20.3,7.1,73.9
2026-05-23 10:04:31,16.8,8.1,54.5
2026-05-23 10:04:34,24.3,8.2,53.7
2026-05-23 10:04:37,22.7,7.1,100.7
2026-05-23 10:04:40,28.0,7.2,92.8
2026-05-23 10:04:43,26.4,8.8,105.8
2026-05-23 10:04:47,25.3,8.0,38.4
2026-05-23 10:04:50,17.1,8.3,21.6
2026-05-23 10:04:53,23.6,6.4,69.0
2026-05-23 10:04:56,21.9,7.2,2.3
2026-05-23 10:04:59,29.8,6.6,92.2
2026-05-23 10:05:02,28.1,8.2,48.5
2026-05-23 10:05:05,29.1,7.1,40.5
2026-05-23 10:05:08,17.9,8.3,46.8
2026-05-23 10:05:11,25.5,7.7,56.9
2026-05-23 10:05:14,21.3,7.3,12.6
2026-05-23 10:05:17,21.3,8.6,64.7
2026-05-23 10:05:20,27.1,8.4,106.1
2026-05-23 10:05:23,18.2,8.8,115.5
2026-05-23 10:05:26,24.8,8.8,89.9
2026-05-23 10:05:29,16.1,7.2,92.6
2026-05-23 10:05:32,28.4,7.4,0.1
2026-05-23 10:05:35,21.5,8.1,115.1
2026-05-23 10:05:38,23.3,6.7,34.8
2026-05-23 10:05:41,28.7,7.6,105.4
2026-05-23 10:05:44,19.3,6.3,103.9
2026-05-23 10:05:47,18.0,6.5,92.8
2026-05-23 10:05:50,16.4,8.3,11.1
2026-05-23 10:05:53,21.9,8.0,61.2
2026-05-23 10:05:56,19.9,7.6,114.7
2026-05-23 10:05:59,19.0,8.3,109.0
2026-05-23 10:06:02,24.6,8.7,99.0
2026-05-23 10:06:05,20.5,8.7,15.3
2026-05-23 10:06:08,29.1,6.9,21.5
2026-05-23 10:06:11,17.1,8.9,116.8
2026-05-23 10:06:14,19.2,6.1,76.0
2026-05-23 10:06:17,25.7,7.3,74.5
2026-05-23 10:06:20,18.1,7.3,58.6
2026-05-23 10:06:23,23.4,8.9,91.5
2026-05-23 10:06:26,23.4,7.0,44.7
2026-05-23 10:06:29,18.6,6.0,43.1
2026-05-23 10:06:32,18.5,7.6,116.9
2026-05-23 10:06:35,24.3,6.0,64.2
2026-05-23 10:06:38,23.3,7.6,86.9
2026-05-23 10:06:41,17.1,6.8,34.9
2026-05-23 10:06:44,22.0,7.2,75.3
2026-05-23 10:06:47,26.9,6.9,119.4
2026-05-23 10:06:50,18.5,8.5,14.1
2026-05-23 10:06:53,20.5,6.2,23.6
2026-05-23 10:06:56,15.9,7.0,19.3
2026-05-23 10:07:00,19.8,8.4,101.1
2026-05-23 10:07:03,25.3,8.9,54.9
2026-05-23 10:07:06,18.4,7.3,96.9
2026-05-23 10:07:09,26.4,8.4,105.6
2026-05-23 10:07:12,26.7,7.4,53.6
2026-05-23 10:07:15,27.3,7.7,0.7
2026-05-23 10:07:18,25.7,7.4,17.7
2026-05-23 10:07:21,22.3,8.6,83.1
2026-05-23 10:07:24,26.9,6.1,12.6
2026-05-23 10:07:27,26.6,8.5,58.6
2026-05-23 10:07:30,28.2,8.1,41.0
2026-05-23 10:07:33,16.3,8.0,3.1
2026-05-23 10:07:36,25.3,8.0,14.9
2026-05-23 10:07:39,19.4,8.4,93.6
2026-05-23 10:07:42,27.7,8.7,62.1
2026-05-23 10:07:45,25.5,8.7,83.5
2026-05-23 10:07:48,18.5,6.7,39.8
2026-05-23 10:07:51,20.7,8.4,63.7
2026-05-23 10:07:54,28.0,7.5,78.7
2026-05-23 10:07:57,30.0,8.7,51.8
2026-05-23 10:08:00,18.1,6.2,77.5
2026-05-23 10:08:03,19.8,7.2,111.7
2026-05-23 10:08:06,18.9,8.8,15.5
2026-05-23 10:08:09,16.1,7.5,103.4
2026-05-23 10:08:12,27.1,8.6,25.0
2026-05-23 10:08:15,16.3,8.9,15.1
2026-05-23 10:08:18,22.3,8.0,81.7
2026-05-23 10:08:21,21.9,8.2,28.0
2026-05-23 10:08:24,24.4,6.9,12.8
2026-05-23 10:08:27,27.7,8.0,88.4
2026-05-23 10:08:30,29.2,8.6,52.3
2026-05-23 10:08:33,26.4,7.8,34.3
2026-05-23 10:08:36,20.4,7.4,97.4
2026-05-23 10:08:39,21.1,8.7,64.7
2026-05-23 10:08:42,27.7,7.7,75.1
2026-05-23 10:08:45,17.0,8.0,12.4
2026-05-23 10:08:48,25.8,7.6,102.7
2026-05-23 10:08:51,19.9,7.9,32.8
2026-05-23 10:08:54,26.4,7.2,42.8
2026-05-23 10:08:57,15.3,7.0,7.3
2026-05-23 10:09:00,28.6,7.5,23.5
2026-05-23 10:09:03,21.3,6.7,77.2
2026-05-23 10:09:06,27.6,6.3,74.2
2026-05-23 10:09:09,25.3,7.6,109.2
2026-05-23 10:09:12,24.2,7.8,107.7
2026-05-23 10:09:16,29.7,7.6,24.7
2026-05-23 10:09:19,17.0,7.3,7.2
2026-05-23 10:09:22,15.4,7.1,26.1
2026-05-23 10:09:25,29.6,6.1,95.5
2026-05-23 10:09:28,23.6,6.4,59.1
2026-05-23 10:09:31,23.8,6.5,5.1
2026-05-23 10:09:34,23.6,8.4,5.5
2026-05-23 10:09:37,22.4,6.9,47.0
2026-05-23 10:09:40,28.0,8.4,13.8
2026-05-23 10:09:43,19.1,9.0,36.1
2026-05-23 10:09:46,18.1,7.7,65.3
2026-05-23 10:09:49,26.0,7.2,69.0
2026-05-23 10:09:52,20.7,7.3,95.4
2026-05-23 10:09:55,23.9,6.9,31.4
2026-05-23 10:09:58,20.9,7.4,92.2
2026-05-23 10:10:01,28.1,7.5,17.1
2026-05-23 10:10:04,20.6,7.2,17.8
2026-05-23 10:10:07,18.0,7.5,9.3
2026-05-23 10:10:10,26.5,8.7,107.2
2026-05-23 10:10:13,21.5,7.6,104.2
2026-05-23 10:10:16,28.3,8.7,112.8
2026-05-23 10:10:19,17.6,6.5,101.0
2026-05-23 10:10:22,22.4,8.1,50.1
2026-05-23 10:10:25,21.5,8.7,90.3
2026-05-23 10:10:28,26.0,8.3,59.3
2026-05-23 10:10:31,21.8,8.8,83.0
2026-05-23 10:10:34,20.2,8.1,54.8
2026-05-23 10:10:37,28.5,7.9,61.4
2026-05-23 10:10:40,26.8,8.1,22.1
2026-05-23 10:10:43,22.2,6.5,15.8
2026-05-23 10:10:46,15.1,6.5,65.0
2026-05-23 10:10:49,17.8,6.4,34.0
2026-05-23 10:10:52,24.4,6.4,116.0
2026-05-23 10:10:55,26.9,8.8,91.9
2026-05-23 10:10:58,19.0,6.1,113.6
2026-05-23 10:11:01,18.5,8.6,4.6
2026-05-23 10:11:04,28.5,7.7,49.5
2026-05-23 10:11:07,22.0,7.1,66.1
2026-05-23 10:11:10,15.8,6.0,81.9
2026-05-23 10:11:13,19.7,8.4,117.0
2026-05-23 10:11:16,24.2,6.2,87.8
2026-05-23 10:11:19,21.0,8.8,56.3
2026-05-23 10:11:22,25.1,7.3,78.4
2026-05-23 10:11:25,29.6,6.5,91.6
2026-05-23 10:11:28,17.6,8.5,56.0
2026-05-23 10:11:31,20.5,7.9,67.9
2026-05-23 10:11:34,19.6,9.0,112.6
2026-05-23 10:11:38,28.5,6.9,115.0
2026-05-23 10:11:41,21.6,6.7,46.4
2026-05-23 10:11:44,29.1,8.9,83.0
2026-05-23 10:11:47,21.0,6.6,100.2
2026-05-23 10:11:50,26.8,6.8,19.1
2026-05-23 10:11:53,28.4,6.4,36.0
2026-05-23 10:11:56,16.4,8.8,0.1
2026-05-23 10:11:59,20.8,7.4,41.6
2026-05-23 10:12:02,21.2,6.9,78.5
2026-05-23 10:12:05,23.5,6.2,5.0
2026-05-23 10:12:08,26.9,7.7,18.3
2026-05-23 10:12:11,15.6,7.7,97.2
2026-05-23 10:12:14,19.6,8.3,71.6
2026-05-23 10:12:17,24.1,8.9,53.7
2026-05-23 10:12:20,28.8,8.9,1.3
2026-05-23 10:12:23,19.0,8.4,84.3
2026-05-23 10:12:26,23.1,6.3,90.3
2026-05-23 10:12:29,20.1,6.6,34.9
2026-05-23 10:12:32,22.7,7.8,51.3
2026-05-23 10:12:35,17.8,6.2,90.3
2026-05-23 10:12:38,22.2,6.0,61.9
2026-05-23 10:12:41,17.0,7.7,108.1
2026-05-23 10:12:44,29.4,6.7,113.2
2026-05-23 10:12:47,25.3,6.2,5.1
2026-05-23 10:12:50,16.8,8.2,19.3
2026-05-23 10:12:53,15.3,7.6,31.4
2026-05-23 10:12:56,15.7,8.1,84.6
2026-05-23 10:12:59,23.6,7.2,52.8
2026-05-23 10:13:02,27.4,6.7,111.1
2026-05-23 10:13:05,28.1,7.0,5.9
2026-05-23 10:13:08,23.1,6.6,19.6
2026-05-23 10:13:11,23.9,7.4,118.5
2026-05-23 10:13:14,18.3,8.2,116.1
2026-05-23 10:13:17,19.4,7.9,61.7
2026-05-23 10:13:20,25.6,6.1,28.9
2026-05-23 10:13:23,24.6,8.9,18.1
2026-05-23 10:13:26,22.5,6.3,32.3
2026-05-23 10:13:29,26.1,6.2,73.0
2026-05-23 10:13:32,29.9,7.7,89.7
2026-05-23 10:13:35,21.8,6.7,7.1
2026-05-23 10:13:38,15.6,7.4,23.3
2026-05-23 10:13:41,28.9,7.4,16.6
2026-05-23 10:13:45,15.7,7.2,76.5
2026-05-23 10:13:48,28.8,8.2,85.0
2026-05-23 10:13:51,22.3,8.2,109.0
2026-05-23 10:13:54,20.8,7.3,105.7
2026-05-23 10:13:57,22.6,8.7,23.4
2026-05-23 10:14:00,16.0,7.2,4.2
2026-05-23 10:14:03,17.5,6.2,51.3
2026-05-23 10:14:06,25.3,8.5,118.7
2026-05-23 10:14:09,28.9,7.7,90.7
2026-05-23 10:14:12,23.1,7.3,99.1
2026-05-23 10:14:15,19.1,6.2,24.3
2026-05-23 10:14:18,24.9,7.9,6.1
2026-05-23 10:14:21,21.1,9.0,118.3
2026-05-23 10:14:24,28.2,7.4,9.0
2026-05-23 10:14:27,24.5,6.1,101.5
2026-05-23 10:14:30,25.2,6.8,94.2
2026-05-23 10:14:33,21.3,8.4,65.8
2026-05-23 10:14:36,21.0,6.7,69.8
2026-05-23 10:14:39,24.3,6.3,36.1
2026-05-23 10:14:42,24.4,6.7,10.2
2026-05-23 10:14:45,24.5,7.7,44.3
2026-05-23 10:14:48,20.8,6.7,39.9
2026-05-23 10:14:51,20.7,8.5,53.4
2026-05-23 10:14:54,25.9,7.3,38.0
2026-05-23 10:14:57,22.3,8.3,87.6
2026-05-23 10:15:00,23.0,7.9,17.1
2026-05-23 10:15:03,21.7,6.6,0.4
2026-05-23 10:15:06,24.9,6.0,81.3
2026-05-23 10:15:09,25.4,7.3,47.3
2026-05-23 10:15:12,23.8,7.2,74.9
2026-05-23 10:15:15,25.6,8.9,7.9
2026-05-23 10:15:18,17.3,6.4,111.0
2026-05-23 10:15:21,28.2,6.8,111.8
2026-05-23 10:15:24,19.7,7.4,23.2
2026-05-23 10:15:27,23.4,6.1,15.5
2026-05-23 10:15:30,26.1,8.1,45.9
2026-05-23 10:15:33,27.3,6.1,98.4
2026-05-23 10:15:36,22.8,8.6,2.4
2026-05-23 10:15:39,15.4,7.2,108.8
2026-05-23 10:15:42,26.9,8.3,62.9
2026-05-23 10:15:45,17.0,8.2,31.5
2026-05-23 10:15:48,18.9,9.0,0.1
2026-05-23 10:15:51,20.9,6.7,69.1
2026-05-23 10:15:54,19.0,7.6,32.3
2026-05-23 10:15:57,23.4,6.5,53.4
2026-05-23 10:16:00,27.8,7.4,21.3
2026-05-23 10:16:03,16.8,8.3,64.4
2026-05-23 10:16:07,28.8,6.3,47.2
2026-05-23 10:16:10,24.3,8.8,7.3
2026-05-23 10:16:13,15.9,7.0,101.1
2026-05-23 10:16:16,28.3,7.0,48.3
2026-05-23 10:16:19,28.3,7.0,18.4
2026-05-23 10:16:22,25.0,7.9,48.5
2026-05-23 10:16:25,17.6,7.9,107.0
2026-05-23 10:16:28,27.5,6.8,63.8
2026-05-23 10:16:31,27.4,8.3,107.7
2026-05-23 10:16:34,26.2,7.7,46.1
2026-05-23 10:16:37,28.5,8.7,60.7
2026-05-23 10:16:40,23.3,7.1,109.3
2026-05-23 10:16:43,18.6,6.3,83.2
2026-05-23 10:16:46,28.1,7.0,90.1
2026-05-23 10:16:49,21.5,7.4,43.8
2026-05-23 10:16:52,25.8,6.9,104.3
2026-05-23 10:16:55,23.6,9.0,83.1
2026-05-23 10:16:58,17.0,7.4,21.2
2026-05-23 10:17:01,18.9,8.7,19.8
2026-05-23 10:17:04,16.6,7.6,72.3
2026-05-23 10:17:07,26.6,7.4,65.8
2026-05-23 10:17:10,24.2,8.0,53.3
2026-05-23 10:17:13,17.7,7.4,6.4
2026-05-23 10:17:16,25.4,6.5,76.3
2026-05-23 10:17:19,22.3,7.0,38.8
2026-05-23 10:17:22,27.2,7.3,5.7
2026-05-23 10:17:25,26.3,6.1,38.5
2026-05-23 10:17:28,29.3,6.4,70.6
2026-05-23 10:17:31,18.7,8.4,40.7
2026-05-23 10:17:34,24.7,7.8,28.0
2026-05-23 10:17:37,15.0,8.2,54.6
2026-05-23 10:17:40,20.9,8.1,21.5
2026-05-23 10:17:43,17.2,6.2,77.2
2026-05-23 10:17:46,27.1,8.8,97.8
2026-05-23 10:17:49,26.4,7.4,18.4
2026-05-23 10:17:52,24.5,7.4,113.0
2026-05-23 10:17:55,23.0,8.4,102.5
2026-05-23 10:17:58,28.9,8.4,62.5
2026-05-23 10:18:31,26.6,7.3,86.6
2026-05-23 10:18:34,26.6,6.2,50.1
2026-05-23 10:18:37,25.6,7.8,22.9
2026-05-23 10:18:40,23.2,8.1,6.9
2026-05-23 10:18:44,18.5,7.3,19.7
2026-05-23 10:18:47,23.1,8.0,80.8
2026-05-23 10:18:50,25.9,8.7,27.4
2026-05-23 10:18:53,27.5,6.4,29.9
2026-05-23 10:18:56,16.5,7.4,10.1
2026-05-23 10:18:59,29.4,7.2,6.0
2026-05-23 10:19:02,15.9,7.2,105.1
2026-05-23 10:19:05,29.2,6.7,48.8
2026-05-23 10:19:08,19.4,8.7,101.7
2026-05-23 10:19:11,17.7,8.2,87.5
2026-05-23 10:19:14,21.2,7.6,52.5
2026-05-23 10:19:17,26.3,7.4,77.8
2026-05-23 10:19:20,24.5,8.6,101.8
2026-05-23 10:19:23,27.4,6.4,60.6
2026-05-23 10:19:26,16.1,6.5,30.3
2026-05-23 10:19:29,25.3,6.8,87.8
2026-05-23 10:19:32,17.3,8.9,62.2
2026-05-23 10:19:35,25.9,8.8,45.9
2026-05-23 10:19:38,29.9,8.7,32.1
2026-05-23 10:19:41,27.4,8.7,54.6
2026-05-23 10:19:44,20.5,8.3,5.4
2026-05-23 10:19:47,22.2,8.9,87.1
2026-05-23 10:19:50,21.9,6.8,112.9
2026-05-23 10:19:53,21.3,6.7,18.4
2026-05-23 10:19:56,29.9,6.2,71.0
2026-05-23 10:19:59,28.6,6.1,14.0
2026-05-23 10:20:02,15.0,8.6,71.1
2026-05-23 10:20:05,28.4,7.3,1.7
2026-05-23 10:20:08,20.2,6.6,1.8
2026-05-23 10:20:11,16.4,7.1,6.4
2026-05-23 10:20:14,16.0,6.7,38.8
2026-05-23 10:20:17,22.2,6.7,87.6
2026-05-23 10:20:20,24.1,6.5,98.4
2026-05-23 10:20:23,26.4,6.2,17.6
2026-05-23 10:20:26,21.0,6.7,19.2
2026-05-23 10:20:29,22.4,7.5,23.3
2026-05-23 10:20:32,27.9,8.6,45.0
2026-05-23 10:20:35,26.6,7.0,27.9
2026-05-23 10:20:38,29.3,7.7,26.0
2026-05-23 10:20:41,16.7,7.1,93.8
2026-05-23 10:20:44,22.2,7.2,41.4
2026-05-23 10:20:47,21.0,7.9,99.6
2026-05-23 10:20:50,23.6,8.3,82.8
2026-05-23 10:20:53,25.1,8.5,87.3
2026-05-23 10:20:56,24.2,6.6,6.8
2026-05-23 10:21:00,17.3,9.0,43.8
2026-05-23 10:21:03,19.1,8.6,72.9
2026-05-23 10:21:06,26.7,7.6,67.2
2026-05-23 10:21:09,29.7,7.3,16.4
2026-05-23 10:21:12,28.0,8.0,73.1
2026-05-23 10:21:15,25.5,8.9,67.3
2026-05-23 10:21:18,20.6,7.9,86.1
2026-05-23 10:21:21,23.7,8.8,63.3
2026-05-23 10:21:24,23.1,7.9,90.5
2026-05-23 10:21:27,19.3,7.9,60.0
2026-05-23 10:21:30,28.0,8.7,49.8
2026-05-23 10:21:33,19.4,7.0,61.3
2026-05-23 10:21:36,15.4,6.1,42.8
2026-05-23 10:21:39,27.4,6.8,72.5
2026-05-23 10:21:42,19.3,6.3,102.1
2026-05-23 10:21:45,28.0,6.7,58.3
2026-05-23 10:21:48,24.2,9.0,61.5
2026-05-23 10:21:51,29.5,8.7,40.3
2026-05-23 10:21:54,24.2,8.2,22.8
2026-05-23 10:21:57,24.9,7.6,10.9
2026-05-23 10:22:00,21.9,8.3,39.3
2026-05-23 10:22:03,27.0,8.8,55.4
2026-05-23 10:22:06,21.4,8.0,74.8
2026-05-23 10:22:09,23.5,7.2,9.8
2026-05-23 10:22:12,26.2,6.8,87.4
2026-05-23 10:22:15,24.3,7.0,103.2
2026-05-23 10:22:18,21.9,7.8,36.3
2026-05-23 10:22:21,19.1,7.6,2.3
2026-05-23 10:22:24,16.9,6.1,107.5
2026-05-23 10:22:27,15.6,7.2,80.1
2026-05-23 10:22:30,19.6,6.3,36.3
2026-05-23 10:22:33,28.0,8.5,35.7
2026-05-23 10:22:36,26.7,6.6,16.8
2026-05-23 10:22:39,19.8,8.5,76.3
2026-05-23 10:22:42,19.1,6.0,49.9
2026-05-23 10:22:45,29.5,8.0,4.7
2026-05-23 10:22:48,23.6,8.9,20.7
2026-05-23 10:22:51,25.6,6.3,79.7
2026-05-23 10:22:54,15.3,6.6,110.8
2026-05-23 10:22:57,29.2,7.6,105.1
2026-05-23 10:23:00,20.4,6.1,60.7
2026-05-23 10:23:03,17.2,8.0,119.1
2026-05-23 10:23:06,18.5,6.0,74.1
2026-05-23 10:23:09,21.2,7.8,52.1
2026-05-23 10:23:12,16.6,8.7,74.9
2026-05-23 10:23:16,29.4,7.6,26.3
2026-05-23 10:23:19,23.7,6.9,111.9
2026-05-23 10:23:22,16.2,6.6,32.8
2026-05-23 10:23:25,28.9,8.4,103.7
2026-05-23 10:23:28,18.6,7.6,105.1
2026-05-23 10:23:31,20.7,7.7,22.0
2026-05-23 10:23:34,17.9,7.4,66.8
2026-05-23 10:23:37,29.8,7.3,22.2
2026-05-23 10:23:40,16.0,8.7,14.9
2026-05-23 10:23:43,18.2,8.5,25.3
2026-05-23 10:23:46,20.4,8.7,45.5
2026-05-23 10:23:49,16.7,6.4,65.9
2026-05-23 10:23:52,18.4,7.5,22.6
2026-05-23 10:23:55,25.7,8.0,83.8
2026-05-23 10:23:58,27.2,7.1,105.5
2026-05-23 10:24:01,24.9,6.7,101.1
2026-05-23 10:24:04,25.8,8.8,66.0
2026-05-23 10:24:07,18.0,6.2,110.3
2026-05-23 10:24:10,21.6,8.8,66.7
2026-05-23 10:24:13,17.0,8.7,65.7
2026-05-23 10:24:16,19.9,6.5,54.5
2026-05-23 10:24:19,24.9,6.3,19.4
2026-05-23 10:24:22,22.8,7.5,76.7
2026-05-23 10:24:25,27.6,8.7,36.8
2026-05-23 10:24:28,21.3,7.1,18.5
2026-05-23 10:24:31,25.6,8.4,73.4
2026-05-23 10:24:34,27.8,6.7,92.5
2026-05-23 10:24:37,20.6,6.9,90.7
2026-05-23 10:24:40,29.5,7.6,58.6
2026-05-23 10:24:43,17.3,8.3,95.4
2026-05-23 10:24:46,29.4,8.3,65.7
2026-05-23 10:24:49,15.2,6.1,99.4
2026-05-23 10:24:52,15.9,8.2,105.6
2026-05-23 10:24:55,28.0,8.2,94.9
2026-05-23 10:24:58,22.2,6.4,26.1
2026-05-23 10:25:01,22.0,8.4,100.3
2026-05-23 10:25:04,23.8,8.2,10.7
2026-05-23 10:25:07,17.7,8.9,68.2
2026-05-23 10:25:10,17.4,8.3,29.1
2026-05-23 10:25:13,23.7,7.6,15.0
2026-05-23 10:25:16,21.9,6.3,3.0
2026-05-23 10:25:19,16.1,6.5,41.9
2026-05-23 10:25:22,18.3,6.3,105.7
2026-05-23 10:25:26,16.0,8.3,92.4
2026-05-23 10:25:29,19.6,8.4,41.6
2026-05-23 10:25:32,29.5,6.8,115.8
2026-05-23 10:25:35,27.0,9.0,10.1
2026-05-23 10:25:38,28.5,6.8,22.5
2026-05-23 10:25:41,29.8,8.1,12.6
2026-05-23 10:25:44,21.9,8.0,24.0
2026-05-23 10:25:47,19.9,7.2,81.1
2026-05-23 10:25:50,25.7,8.3,90.6
2026-05-23 10:25:53,20.3,7.4,89.8
2026-05-23 10:25:56,27.1,7.4,77.6
2026-05-23 10:25:59,17.2,8.4,56.9
2026-05-23 10:26:02,29.1,8.0,47.1
2026-05-23 10:26:05,22.1,6.8,109.4
2026-05-23 10:26:08,17.7,8.3,6.8
2026-05-23 10:26:11,23.3,7.2,33.3
2026-05-23 10:26:14,20.3,6.6,116.4
2026-05-23 10:26:17,26.1,7.1,17.5
2026-05-23 10:26:20,29.4,6.6,27.8
2026-05-23 10:26:23,27.3,7.6,61.9
2026-05-23 10:26:26,29.8,8.5,10.2
2026-05-23 10:26:29,28.7,7.3,16.9
2026-05-23 10:26:32,23.9,8.2,109.7
2026-05-23 10:26:35,17.9,6.5,61.8
2026-05-23 10:26:38,22.4,6.8,108.6
2026-05-23 10:26:41,19.4,8.4,94.8
2026-05-23 10:26:44,16.6,6.4,89.9
2026-05-23 10:26:47,25.9,7.5,54.3
2026-05-23 10:26:50,16.4,7.9,72.2
2026-05-23 10:26:53,15.5,8.1,55.8
2026-05-23 10:26:56,24.8,7.3,18.1
2026-05-23 10:26:59,25.9,7.0,22.2
2026-05-23 10:27:02,16.3,9.0,62.4
2026-05-23 10:27:05,17.2,8.4,63.0
2026-05-23 10:27:08,18.1,6.7,77.7
2026-05-23 10:27:11,29.1,6.5,37.7
2026-05-23 10:27:14,19.6,7.5,89.7
2026-05-23 10:27:17,23.5,7.2,13.5
2026-05-23 10:27:20,24.4,6.5,59.0
2026-05-23 10:27:23,26.4,8.9,73.8
2026-05-23 10:27:26,29.2,7.0,90.6
2026-05-23 10:27:29,24.5,7.9,14.3
2026-05-23 10:27:32,18.8,7.4,16.4
2026-05-23 10:27:35,29.3,7.0,45.1
2026-05-23 10:27:38,29.0,8.6,51.1
2026-05-23 10:27:41,26.0,8.2,78.5
2026-05-23 10:27:44,21.6,6.0,102.3
2026-05-23 10:27:47,25.1,6.4,80.5
2026-05-23 10:27:50,27.8,7.4,90.1
2026-05-23 10:27:53,20.9,8.9,0.6
2026-05-23 10:27:57,21.2,6.9,20.2
2026-05-23 10:28:00,21.5,7.8,92.2
2026-05-23 10:28:03,24.0,6.7,12.3
2026-05-23 10:28:06,29.1,7.7,26.1
2026-05-23 10:28:09,19.6,6.1,98.3
2026-05-23 10:28:12,23.0,6.1,114.3
2026-05-23 10:28:15,17.4,6.5,73.1
2026-05-23 10:28:18,17.0,7.6,42.4
2026-05-23 10:28:21,22.4,8.5,39.4
2026-05-23 10:28:24,24.8,7.7,76.5
2026-05-23 10:28:27,17.1,6.3,89.2
2026-05-23 10:28:30,29.1,6.4,113.0
2026-05-23 10:28:33,26.6,8.2,94.9
2026-05-23 10:28:36,17.6,8.9,99.2
2026-05-23 10:28:39,28.1,7.5,23.7
2026-05-23 10:28:42,17.1,7.9,42.3
2026-05-23 10:28:45,24.8,8.5,92.9
2026-05-23 10:28:48,20.4,8.6,24.9
2026-05-23 10:28:51,29.3,7.7,71.8
2026-05-23 10:28:54,17.0,7.7,15.5
2026-05-23 10:28:57,18.0,8.5,104.2
2026-05-23 10:29:00,26.7,7.5,93.4
2026-05-23 10:29:03,22.5,8.9,1.4
2026-05-23 10:29:06,19.3,6.7,102.2
2026-05-23 10:29:09,26.8,6.3,51.7
2026-05-23 10:29:12,20.3,6.4,68.7
2026-05-23 10:29:15,23.2,8.1,13.0
2026-05-23 10:29:18,16.2,6.2,67.6
2026-05-23 10:29:21,23.7,8.4,81.4
2026-05-23 10:29:24,22.9,8.5,60.1
2026-05-23 10:29:27,24.0,8.5,64.4
2026-05-23 10:29:30,28.8,6.4,101.8
2026-05-23 10:29:33,27.8,8.4,79.4
2026-05-23 10:29:36,24.5,9.0,64.1
2026-05-23 10:29:39,20.7,8.9,33.2
2026-05-23 10:29:42,27.2,7.2,15.4
2026-05-23 10:29:45,29.9,7.2,94.2
2026-05-23 10:29:48,27.9,7.6,87.6
2026-05-23 10:29:51,26.2,8.1,80.7
2026-05-23 10:29:54,22.0,8.3,51.5
2026-05-23 10:29:57,25.6,7.7,104.8
2026-05-23 10:30:00,22.0,8.8,12.6
2026-05-23 10:30:03,19.6,8.8,16.9
2026-05-23 10:30:06,23.6,8.9,61.4
2026-05-23 10:30:09,16.2,8.8,90.6
2026-05-23 10:30:13,15.4,8.0,17.7
2026-05-23 10:30:16,20.7,7.0,24.1
2026-05-23 10:30:19,22.2,7.3,44.8
2026-05-23 10:30:22,19.9,6.6,86.6
2026-05-23 10:30:25,29.4,8.9,105.5
2026-05-23 10:30:28,20.2,8.2,34.0
2026-05-23 10:30:31,17.6,7.3,57.6
2026-05-23 10:30:34,15.2,7.2,79.5
2026-05-23 10:30:37,19.9,6.2,24.0
2026-05-23 10:30:40,22.0,8.4,13.5
2026-05-23 10:30:43,25.1,7.1,54.6
2026-05-23 10:30:46,18.6,6.4,51.0
2026-05-23 10:30:49,26.8,8.9,11.4
2026-05-23 10:30:52,23.0,7.0,6.3
2026-05-23 10:30:55,21.6,8.7,119.8
2026-05-23 10:30:58,24.4,7.7,58.7
2026-05-23 10:31:01,26.8,8.2,102.3
2026-05-23 10:31:04,20.0,6.9,103.7
2026-05-23 10:31:07,18.5,7.4,114.6
2026-05-23 10:31:10,18.9,7.0,91.4
2026-05-23 10:31:13,19.4,6.4,118.3
2026-05-23 10:31:16,15.4,8.2,71.8
2026-05-23 10:31:19,28.5,7.1,72.6
2026-05-23 10:31:22,20.4,7.6,40.9
2026-05-23 10:31:25,22.4,6.3,74.2
2026-05-23 10:31:28,15.9,6.4,69.8
2026-05-23 10:31:31,15.7,6.2,108.0
2026-05-23 10:31:34,17.2,8.6,59.1
2026-05-23 10:31:37,21.5,8.4,94.8
2026-05-23 10:31:40,26.5,7.3,120.0
2026-05-23 10:31:43,19.7,8.9,35.8
2026-05-23 10:31:46,26.9,6.9,78.7
2026-05-23 10:31:49,22.3,7.3,22.8
2026-05-23 10:31:52,17.9,6.8,113.2
2026-05-23 10:31:55,24.7,7.7,23.7
2026-05-23 10:31:58,18.2,8.1,11.3
2026-05-23 10:32:01,16.1,7.7,92.0
2026-05-23 10:32:04,23.3,8.1,73.8
2026-05-23 10:32:07,16.6,6.1,33.5
2026-05-23 10:32:10,23.2,8.7,93.1
2026-05-23 10:32:13,26.3,8.4,67.5
2026-05-23 10:32:16,26.0,7.6,68.9
2026-05-23 10:32:19,27.1,6.5,15.8
2026-05-23 10:32:23,29.4,8.3,4.6
2026-05-23 10:32:26,24.7,7.0,67.5
2026-05-23 10:32:29,23.8,8.6,33.0
2026-05-23 10:32:32,19.5,6.7,113.8
2026-05-23 10:32:35,18.0,8.3,32.2
2026-05-23 10:32:38,23.3,7.8,85.0
2026-05-23 10:32:41,16.5,8.3,93.9
2026-05-23 10:32:44,28.7,6.4,11.2
2026-05-23 10:32:47,18.8,7.7,95.5
2026-05-23 10:32:50,25.3,7.2,88.3
2026-05-23 10:32:53,19.8,6.1,74.6
2026-05-23 10:32:56,15.8,6.6,72.8
2026-05-23 10:32:59,19.1,8.2,82.6
2026-05-23 10:33:02,20.8,6.9,35.5
2026-05-23 10:33:05,16.2,7.4,93.4
2026-05-23 10:33:08,21.6,6.1,94.3
2026-05-23 10:33:11,20.3,6.3,48.6
2026-05-23 10:33:14,22.8,7.2,105.5
2026-05-23 10:33:17,28.6,8.9,94.2
2026-05-23 10:33:20,26.5,6.2,109.6
2026-05-23 10:33:23,17.6,8.8,68.2
2026-05-23 10:33:26,23.0,6.1,112.2
2026-05-23 10:33:29,21.4,6.5,81.7
2026-05-23 10:33:32,21.2,7.8,75.4
2026-05-23 10:33:35,25.0,8.5,37.9
2026-05-23 10:33:38,19.9,6.3,13.2
2026-05-23 10:33:41,19.8,7.1,31.0
2026-05-23 10:33:44,16.7,8.2,18.9
2026-05-23 10:33:47,15.2,6.7,9.0
2026-05-23 10:33:50,26.3,8.4,15.8
2026-05-23 10:33:53,22.3,8.9,36.2
2026-05-23 10:33:56,22.7,6.5,62.6
2026-05-23 10:33:59,19.9,8.4,102.1
2026-05-23 10:34:02,17.8,9.0,4.9
2026-05-23 10:34:05,20.4,6.7,95.8
2026-05-23 10:34:08,22.6,6.6,31.8
2026-05-23 10:34:11,21.6,6.4,48.2
2026-05-23 10:34:14,16.2,8.5,36.0
2026-05-23 10:34:17,28.5,8.2,118.2
2026-05-23 10:34:20,29.2,7.6,87.0
2026-05-23 10:34:23,23.2,6.9,27.0
2026-05-23 10:34:26,15.5,6.7,22.0
2026-05-23 10:34:29,24.4,7.4,54.7
2026-05-23 10:34:32,19.8,6.6,72.9
2026-05-23 10:34:35,17.0,6.9,92.0
2026-05-23 10:34:38,28.7,8.3,57.6
2026-05-23 10:34:42,16.3,8.1,60.9
2026-05-23 10:34:45,21.3,8.6,107.3
2026-05-23 10:34:48,22.3,7.8,107.6
2026-05-23 10:34:51,26.2,8.8,105.9
2026-05-23 10:34:54,24.5,7.2,97.6
2026-05-23 10:34:57,29.2,6.5,71.3
2026-05-23 10:35:00,18.8,8.7,99.9
2026-05-23 10:35:03,21.4,8.0,115.9
2026-05-23 10:35:06,29.4,8.2,100.8
2026-05-23 10:35:09,19.4,6.9,45.4
2026-05-23 10:35:12,22.3,7.2,31.4
2026-05-23 10:35:15,22.8,6.8,37.7
2026-05-23 10:35:18,26.2,7.5,31.0
2026-05-23 10:35:21,17.0,6.7,59.3
2026-05-23 10:35:24,24.7,8.1,76.8
2026-05-23 10:35:27,27.7,6.3,35.5
2026-05-23 10:35:30,20.1,8.2,48.6
2026-05-23 10:35:33,26.0,7.6,24.9
2026-05-23 10:35:36,15.5,6.4,104.9
2026-05-23 10:35:39,18.1,6.3,71.7
2026-05-23 10:35:42,22.0,7.8,7.3
2026-05-23 10:35:45,19.0,6.3,7.0
2026-05-23 10:35:48,24.1,8.5,61.8
2026-05-23 10:35:51,18.0,6.4,28.8
2026-05-23 10:35:54,16.8,7.7,45.2
2026-05-23 10:35:57,21.9,8.9,64.2
2026-05-23 10:36:00,25.5,6.9,58.9
2026-05-23 10:36:03,26.6,7.8,16.9
2026-05-23 10:36:06,27.8,8.0,11.3
2026-05-23 10:36:09,19.4,7.8,79.6
2026-05-23 10:36:12,29.0,8.1,63.6
2026-05-23 10:36:15,23.3,7.2,42.1
2026-05-23 10:36:18,16.6,7.7,85.5
2026-05-23 10:36:21,26.0,6.1,80.1
2026-05-23 10:36:24,27.0,6.3,113.3
2026-05-23 10:36:27,19.9,8.7,51.1
2026-05-23 10:36:30,16.8,8.2,9.8
2026-05-23 10:36:34,19.6,8.7,93.7
2026-05-23 10:36:37,18.6,7.0,90.0
2026-05-23 10:36:40,29.4,6.2,83.2
2026-05-23 10:36:43,24.2,7.6,61.8
2026-05-23 10:36:46,21.4,8.4,106.7
2026-05-23 10:36:49,16.4,7.5,97.8
2026-05-23 10:36:52,23.8,8.5,87.5
2026-05-23 10:36:55,20.7,7.8,73.0
2026-05-23 10:36:58,15.3,8.3,61.3
2026-05-23 10:37:01,23.9,7.7,101.9
2026-05-23 10:37:04,16.2,8.7,84.5
2026-05-23 10:37:07,18.2,6.2,81.1
2026-05-23 10:37:10,18.2,6.3,60.8
2026-05-23 10:37:13,27.6,6.1,115.4
2026-05-23 10:37:16,28.3,8.2,16.2
2026-05-23 10:37:19,28.5,6.8,84.6
2026-05-23 10:37:22,17.5,7.2,112.6
2026-05-23 10:37:25,15.5,6.2,115.1
2026-05-23 10:37:28,16.6,6.4,44.1
2026-05-23 10:37:31,23.0,6.6,94.6
2026-05-23 10:37:34,22.4,7.5,44.2
2026-05-23 10:37:37,19.6,8.5,73.0
2026-05-23 10:37:40,25.5,8.7,24.4
2026-05-23 10:37:43,22.4,6.6,34.8
2026-05-23 10:37:46,27.5,7.8,78.4
2026-05-23 10:37:49,15.9,8.7,116.3
2026-05-23 10:37:52,22.3,8.9,21.2
2026-05-23 10:37:55,15.6,7.6,56.8
2026-05-23 10:37:58,27.2,8.5,106.4
2026-05-23 10:38:01,29.3,6.2,7.9
2026-05-23 10:38:04,24.7,8.6,93.0
2026-05-23 10:38:07,28.3,6.9,54.3
2026-05-23 10:38:10,29.7,7.6,86.3
2026-05-23 10:38:13,27.6,7.1,13.0
2026-05-23 10:38:16,21.7,6.4,79.7
2026-05-23 10:38:19,24.3,6.0,59.8
2026-05-23 10:38:22,25.5,8.6,36.9
2026-05-23 10:38:25,22.2,6.2,72.3
2026-05-23 10:38:28,27.2,8.0,46.2
2026-05-23 10:38:31,25.1,6.5,2.4
2026-05-23 10:38:34,21.5,7.9,39.2
2026-05-23 10:38:37,26.7,8.5,25.9
2026-05-23 10:38:40,16.9,7.9,49.3
2026-05-23 10:38:43,20.6,7.9,56.0
2026-05-23 10:38:46,17.1,6.2,104.4
2026-05-23 10:38:50,25.9,8.4,29.4
2026-05-23 10:38:53,25.2,7.6,20.8
2026-05-23 10:38:56,16.6,7.7,5.3
2026-05-23 10:38:59,27.2,8.3,93.4
2026-05-23 10:39:02,29.1,6.7,76.6
2026-05-23 10:39:05,20.7,8.4,31.3
2026-05-23 10:39:08,27.5,7.2,40.0
2026-05-23 10:39:11,16.4,8.4,95.4
2026-05-23 10:39:14,27.5,7.2,23.7
2026-05-23 10:39:17,23.8,6.9,66.2
2026-05-23 10:39:20,19.4,7.6,77.8
2026-05-23 10:39:23,28.1,7.6,114.9
2026-05-23 10:39:26,29.6,6.5,64.6
2026-05-23 10:39:29,18.6,6.8,29.6
2026-05-23 10:39:32,24.6,7.7,67.2
2026-05-23 10:39:35,16.2,8.4,35.1
2026-05-23 10:39:38,15.0,6.8,106.1
2026-05-23 10:39:41,15.8,6.2,111.7
2026-05-23 10:39:44,20.1,6.5,83.4
2026-05-23 10:39:47,26.1,6.7,76.0
2026-05-23 10:39:50,20.8,8.1,36.6
2026-05-23 10:39:53,29.7,7.0,73.2
2026-05-23 10:39:56,25.9,7.1,17.6
2026-05-23 10:39:59,16.1,6.5,112.9
2026-05-23 10:40:02,23.0,6.1,47.0
2026-05-23 10:40:05,28.9,8.0,106.7
2026-05-23 10:40:08,25.1,6.9,5.9
2026-05-23 10:40:11,15.6,7.4,20.1
2026-05-23 10:40:14,27.7,6.4,72.5
2026-05-23 10:40:17,25.1,9.0,67.8
2026-05-23 10:40:20,25.6,6.4,47.4
2026-05-23 10:40:23,24.5,8.5,97.0
2026-05-23 10:40:26,22.5,6.4,74.6
2026-05-23 10:40:29,19.4,7.9,83.3
2026-05-23 10:40:32,18.4,7.4,73.9
2026-05-23 10:40:35,29.2,7.2,4.6
2026-05-23 10:40:38,16.4,6.1,4.5
2026-05-23 10:40:41,15.9,8.9,87.5
2026-05-23 10:40:44,19.9,7.1,59.1
2026-05-23 10:40:47,20.9,7.0,89.7
2026-05-23 10:40:50,26.5,6.3,107.7
2026-05-23 10:40:53,26.9,6.7,6.9
2026-05-23 10:40:56,17.0,7.9,90.5
2026-05-23 10:40:59,20.0,7.4,103.0
2026-05-23 10:41:03,17.7,8.3,117.3
2026-05-23 10:41:06,21.0,8.1,103.9
2026-05-23 10:41:09,21.3,8.3,104.3
2026-05-23 10:41:12,29.5,8.9,67.6
2026-05-23 10:41:15,18.9,8.7,90.3
2026-05-23 10:41:18,22.5,8.7,110.8
2026-05-23 10:41:21,29.3,8.8,52.8
2026-05-23 10:41:24,22.2,6.2,27.0
2026-05-23 10:41:27,25.2,7.5,21.9
2026-05-23 10:41:30,17.6,7.8,12.8
2026-05-23 10:41:33,29.8,8.0,85.1
2026-05-23 10:41:36,24.0,7.6,65.9
2026-05-23 10:41:39,24.4,7.6,118.7
2026-05-23 10:41:42,25.3,7.1,76.7
2026-05-23 10:41:45,16.9,8.5,76.9
2026-05-23 10:41:48,15.4,6.9,72.7
2026-05-23 10:41:51,26.0,8.1,43.6
2026-05-23 10:41:54,23.9,6.8,98.3
2026-05-23 10:41:57,17.1,8.0,41.3
2026-05-23 10:42:00,22.3,8.5,112.3
2026-05-23 10:42:03,28.6,6.3,62.8
2026-05-23 10:42:06,20.0,8.6,98.1
2026-05-23 10:42:09,26.0,6.8,20.2
2026-05-23 10:42:12,28.9,6.8,93.7
2026-05-23 10:42:15,25.0,7.0,66.1
2026-05-23 10:42:18,17.3,8.4,100.4
2026-05-23 10:42:21,27.9,6.3,113.4
2026-05-23 10:42:24,26.2,6.4,42.8
2026-05-23 10:42:27,29.1,7.8,70.3
2026-05-23 10:42:30,17.0,8.5,34.5
2026-05-23 10:42:33,28.9,7.1,83.7
2026-05-23 10:42:36,22.3,9.0,59.9
2026-05-23 10:42:39,27.9,6.6,97.1
2026-05-23 10:42:42,22.6,7.8,105.1
2026-05-23 10:42:45,21.1,7.8,58.0
2026-05-23 10:42:48,23.8,7.7,49.5
2026-05-23 10:42:51,21.5,7.7,4.5
2026-05-23 10:42:54,23.1,6.3,53.7
2026-05-23 10:42:57,28.8,7.2,113.4
2026-05-23 10:43:00,27.8,6.7,115.7
2026-05-23 10:43:03,25.4,7.6,81.4
2026-05-23 10:43:06,26.8,6.8,107.7
2026-05-23 10:43:09,25.9,7.4,4.5
2026-05-23 10:43:13,29.6,6.9,38.4
2026-05-23 10:43:16,20.7,6.9,59.2
2026-05-23 10:43:19,17.8,8.1,83.3
2026-05-23 10:43:22,22.8,8.5,99.7
2026-05-23 10:43:25,21.1,7.5,24.7
2026-05-23 10:43:28,25.4,9.0,75.1
2026-05-23 10:43:31,19.3,7.7,82.8
2026-05-23 10:43:34,18.3,6.0,117.0
2026-05-23 10:43:37,17.8,6.0,102.7
2026-05-23 10:43:40,28.5,8.8,111.4
2026-05-23 10:43:43,20.5,8.4,8.9
2026-05-23 10:43:46,28.1,8.0,59.2
2026-05-23 10:43:49,26.4,7.8,100.2
2026-05-23 10:43:52,28.4,8.5,116.6
2026-05-23 10:43:55,24.3,8.2,96.8
2026-05-23 10:43:58,22.2,7.2,24.6
2026-05-23 10:44:01,25.2,7.6,40.1
2026-05-23 10:44:04,15.7,7.6,5.4
2026-05-23 10:44:07,15.4,6.4,31.1
2026-05-23 10:44:10,21.1,7.2,110.5
2026-05-23 10:44:13,28.8,6.1,62.6
2026-05-23 10:44:16,22.3,7.3,90.8
2026-05-23 10:44:19,24.9,8.8,91.3
2026-05-23 10:44:22,16.7,8.2,13.5
2026-05-23 10:44:25,16.1,7.3,90.6
2026-05-23 10:44:28,17.2,8.3,31.8
2026-05-23 10:44:31,25.1,6.5,57.4
2026-05-23 10:44:34,18.0,8.1,67.9
2026-05-23 10:44:37,24.6,7.9,56.3
2026-05-23 10:44:40,16.1,7.8,65.6
2026-05-23 10:44:43,25.0,7.7,47.8
2026-05-23 10:44:46,18.7,9.0,79.1
2026-05-23 10:44:49,17.3,6.0,2.9
2026-05-23 10:44:52,25.4,7.1,84.8
2026-05-23 10:44:55,25.3,8.2,115.4
2026-05-23 10:44:58,19.8,7.3,3.8
2026-05-23 10:45:01,28.2,8.7,84.0
2026-05-23 10:45:04,19.2,8.3,42.3
2026-05-23 10:45:07,27.6,7.6,88.5
2026-05-23 10:45:10,29.7,7.7,28.9
2026-05-23 10:45:13,23.9,6.8,45.2
2026-05-23 10:45:16,24.8,6.7,116.7
2026-05-23 10:45:19,24.7,7.3,6.4
2026-05-23 10:45:22,25.9,8.0,77.4
2026-05-23 10:45:25,23.6,7.7,54.9
2026-05-23 10:45:29,26.4,8.6,113.0
2026-05-23 10:45:32,18.3,8.5,31.8
2026-05-23 10:45:35,19.6,6.8,26.3
2026-05-23 10:45:38,24.5,6.8,90.0
2026-05-23 10:45:41,26.6,7.4,8.6
2026-05-23 10:45:44,15.8,7.2,77.0
2026-05-23 10:45:47,23.5,6.4,63.0
2026-05-23 10:45:50,29.2,8.5,106.3
2026-05-23 10:45:53,27.5,7.7,1.4
2026-05-23 10:45:56,22.6,7.2,63.3
2026-05-23 10:45:59,17.5,8.6,66.5
2026-05-23 10:46:02,17.3,8.6,41.5
2026-05-23 10:46:05,19.9,6.6,92.6
2026-05-23 10:46:08,21.7,6.8,59.0
2026-05-23 10:46:11,23.0,7.3,105.1
2026-05-23 10:46:14,23.2,6.4,76.1
2026-05-23 10:46:17,25.5,7.4,74.9
2026-05-23 10:46:20,26.9,7.5,105.5
2026-05-23 10:46:23,23.8,8.1,109.9
2026-05-23 10:46:26,29.1,6.1,53.1
2026-05-23 10:46:29,28.4,6.9,116.6
2026-05-23 10:46:32,17.9,7.9,1.0
2026-05-23 10:46:35,15.3,6.5,93.2
2026-05-23 10:46:38,18.9,7.6,7.8
2026-05-23 10:46:41,21.3,7.1,6.9
2026-05-23 10:46:44,17.9,7.9,105.3
2026-05-23 10:46:47,21.4,6.8,7.0
2026-05-23 10:46:50,20.4,6.9,77.2
2026-05-23 10:46:53,27.8,7.0,45.7
2026-05-23 10:46:56,20.3,8.2,63.7
2026-05-23 10:46:59,21.4,6.2,36.0
2026-05-23 10:47:02,19.7,8.1,62.3
2026-05-23 10:47:05,27.1,7.9,99.9
2026-05-23 10:47:08,24.4,6.1,114.6
2026-05-23 10:47:11,24.7,8.0,112.4
2026-05-23 10:47:14,26.5,6.1,85.0
2026-05-23 10:47:17,15.5,7.0,59.7
2026-05-23 10:47:20,26.5,7.6,108.2
2026-05-23 10:47:23,29.3,6.8,65.5
2026-05-23 10:47:26,29.7,6.9,0.8
2026-05-23 10:47:29,19.6,7.1,65.7
2026-05-23 10:47:32,24.7,6.9,95.5
2026-05-23 10:47:35,16.7,8.9,41.7
2026-05-23 10:47:38,22.0,8.5,32.1
2026-05-23 10:47:42,22.4,8.3,35.2
2026-05-23 10:47:45,20.7,8.8,61.4
2026-05-23 10:47:48,16.5,6.1,36.9
2026-05-23 10:47:51,26.2,8.2,63.6
2026-05-23 10:47:54,26.4,6.1,82.0
2026-05-23 10:47:57,19.7,7.4,62.5
2026-05-23 10:48:00,22.5,6.0,101.1
2026-05-23 10:48:03,25.0,9.0,86.3
2026-05-23 10:48:06,28.3,8.0,78.7
2026-05-23 10:48:09,21.2,7.8,0.8
2026-05-23 10:48:12,22.5,8.3,5.3
2026-05-23 10:48:15,18.5,7.9,44.4
2026-05-23 10:48:18,17.9,7.0,74.2
2026-05-23 10:48:21,26.3,6.4,54.5
2026-05-23 10:48:24,25.3,6.3,115.0
2026-05-23 10:48:27,27.2,8.5,76.5
2026-05-23 10:48:30,24.5,8.9,24.2
2026-05-23 10:48:33,16.7,6.3,70.0
2026-05-23 10:48:36,23.5,6.5,67.6
2026-05-23 10:48:39,27.0,8.2,6.2
2026-05-23 10:48:42,23.8,8.2,11.9
2026-05-23 10:48:45,25.4,7.2,26.2
2026-05-23 10:48:48,22.6,8.6,20.9
2026-05-23 10:48:51,24.0,8.7,82.3
2026-05-23 10:48:54,20.4,6.3,52.5
2026-05-23 10:48:57,26.5,7.6,74.1
2026-05-23 10:49:00,15.5,8.3,27.2
2026-05-23 10:49:03,25.6,8.0,4.1
2026-05-23 10:49:06,18.1,6.5,79.8
2026-05-23 10:49:09,20.0,8.4,18.8
2026-05-23 10:49:12,18.3,6.2,0.2
2026-05-23 10:49:15,17.2,7.3,81.9
2026-05-23 10:49:18,27.3,6.1,56.1
2026-05-23 10:49:21,22.7,6.8,116.2
2026-05-23 10:49:24,17.6,8.7,100.7
2026-05-23 10:49:27,24.3,7.9,17.9
2026-05-23 10:49:30,23.9,6.5,39.5
2026-05-23 10:49:33,22.9,6.8,78.3
2026-05-23 10:49:37,24.1,6.3,96.4
2026-05-23 10:49:40,20.4,8.2,21.7
2026-05-23 10:49:43,18.6,6.0,106.1
2026-05-23 10:49:46,29.0,7.1,28.1
2026-05-23 10:49:49,15.9,6.9,21.1
2026-05-23 10:49:52,28.8,6.1,111.4
2026-05-23 10:49:55,18.9,6.4,79.2
2026-05-23 10:49:58,30.0,7.9,103.1
2026-05-23 10:50:01,23.9,7.2,90.7
2026-05-23 10:50:04,21.4,6.3,57.4
2026-05-23 10:50:07,26.2,7.9,62.7
2026-05-23 10:50:10,24.3,7.7,118.9
2026-05-23 10:50:13,28.5,7.1,92.8
2026-05-23 10:50:16,22.0,6.9,26.8
2026-05-23 10:50:19,28.3,8.6,106.3
2026-05-23 10:50:22,29.0,7.2,111.0
2026-05-23 10:50:25,27.0,8.9,77.6
2026-05-23 10:50:28,18.5,6.4,51.7
2026-05-23 10:50:31,23.2,8.2,29.4
2026-05-23 10:50:34,29.0,7.0,59.1
2026-05-23 10:50:37,24.5,8.4,70.3
2026-05-23 10:50:40,21.9,8.8,106.2
2026-05-23 10:50:43,17.3,8.5,44.8
2026-05-23 10:50:46,20.7,8.7,61.2
2026-05-23 10:50:49,19.3,6.2,107.8
2026-05-23 10:50:52,22.4,8.2,10.2
2026-05-23 10:50:55,21.9,8.3,45.8
2026-05-23 10:50:58,21.4,7.5,3.1
2026-05-23 10:51:01,15.9,6.2,37.7
2026-05-23 10:51:04,20.5,6.7,26.4
2026-05-23 10:51:07,28.6,8.4,23.9
2026-05-23 10:51:10,24.9,6.4,91.9
2026-05-23 10:51:13,17.6,8.2,70.1
2026-05-23 10:51:16,27.3,8.4,62.7
2026-05-23 10:51:19,25.0,6.4,7.2
2026-05-23 10:51:22,22.3,6.1,88.9
2026-05-23 10:51:25,17.7,7.1,48.9
2026-05-23 10:51:28,27.0,8.9,26.8
2026-05-23 10:51:31,21.1,6.9,11.9
2026-05-23 10:51:34,28.8,6.5,61.1
2026-05-23 10:51:37,22.1,8.4,113.6
2026-05-23 10:51:40,20.5,7.1,106.0
2026-05-23 10:51:43,25.9,7.1,86.9
2026-05-23 10:51:47,21.1,7.3,53.9
2026-05-23 10:51:50,17.7,8.9,39.5
2026-05-23 10:51:53,20.7,8.4,79.1
2026-05-23 10:51:56,18.5,7.3,75.4
2026-05-23 10:51:59,18.0,7.1,110.9
2026-05-23 10:52:02,15.1,7.4,45.4
2026-05-23 10:52:05,16.0,8.2,83.8
2026-05-23 10:52:08,29.0,8.9,68.3
2026-05-23 10:52:11,17.3,8.2,66.3
2026-05-23 10:52:14,19.2,7.7,54.8
2026-05-23 10:52:17,28.5,6.0,95.4
2026-05-23 10:52:20,27.1,8.0,117.1
2026-05-23 10:52:23,27.1,7.1,17.6
2026-05-23 10:52:26,19.2,7.0,18.3
2026-05-23 10:52:29,23.7,8.6,31.7
2026-05-23 10:52:32,15.4,7.8,91.4
2026-05-23 10:52:35,15.6,6.1,4.6
2026-05-23 10:52:38,17.4,8.1,28.0
2026-05-23 10:52:41,18.0,8.3,78.5
2026-05-23 10:52:44,24.9,8.1,14.5
2026-05-23 10:52:47,18.7,7.1,55.2
2026-05-23 10:52:50,29.2,7.2,32.6
2026-05-23 10:52:53,22.2,6.4,62.7
2026-05-23 10:52:56,23.0,7.6,74.4
2026-05-23 10:52:59,21.7,6.3,2.5
2026-05-23 10:53:02,21.3,6.7,49.3
2026-05-23 10:53:05,28.8,8.9,9.5
2026-05-23 10:53:08,26.6,6.1,85.6
2026-05-23 10:53:11,16.3,8.8,94.4
2026-05-23 10:53:14,26.7,8.1,72.2
2026-05-23 10:53:17,28.0,8.9,90.7
2026-05-23 10:53:20,23.8,8.1,80.8
2026-05-23 10:53:23,28.1,7.0,67.1
2026-05-23 10:53:26,24.2,7.9,14.1
2026-05-23 10:53:29,22.3,6.9,11.2
2026-05-23 10:53:32,22.5,8.3,18.7
2026-05-23 10:53:35,23.8,7.6,88.6
2026-05-23 10:53:38,18.2,8.8,64.8
2026-05-23 10:53:41,20.1,7.1,102.7
2026-05-23 10:53:44,23.8,6.2,90.3
2026-05-23 10:53:48,18.2,8.0,13.4
2026-05-23 10:53:51,26.9,6.6,20.9
2026-05-23 10:53:54,21.3,7.4,73.3
2026-05-23 10:53:57,19.9,7.7,18.2
2026-05-23 10:54:00,24.8,6.2,14.8
2026-05-23 10:54:03,19.0,7.5,86.2
2026-05-23 10:54:06,28.9,6.2,80.0
2026-05-23 10:54:09,16.8,6.1,14.7
2026-05-23 10:54:12,19.6,7.3,52.3
2026-05-23 10:54:15,25.2,8.0,12.3
2026-05-23 10:54:18,18.3,7.7,15.8
2026-05-23 10:54:21,21.5,8.3,5.2
2026-05-23 10:54:24,20.7,6.5,86.1
2026-05-23 10:54:27,19.0,8.3,66.6
2026-05-23 10:54:30,21.8,8.1,32.6
2026-05-23 10:54:33,25.2,8.8,94.6
2026-05-23 10:54:36,18.3,6.7,1.6
2026-05-23 10:54:39,27.6,8.0,66.8
2026-05-23 10:54:42,27.4,6.2,114.8
2026-05-23 10:54:45,22.1,8.3,17.1
2026-05-23 10:54:48,16.8,7.0,92.7
2026-05-23 10:54:51,21.0,6.9,51.9
2026-05-23 10:54:54,29.1,6.7,67.1
2026-05-23 10:54:57,28.6,8.2,49.6
2026-05-23 10:55:00,17.4,8.7,50.7
2026-05-23 10:55:03,17.5,7.8,53.8
2026-05-23 10:55:06,16.5,6.0,96.8
2026-05-23 10:55:09,19.1,7.8,30.8
2026-05-23 10:55:12,19.2,7.7,42.1
2026-05-23 10:55:15,19.8,6.4,21.3
2026-05-23 10:55:18,18.3,9.0,20.7
2026-05-23 10:55:21,18.0,6.5,44.9
2026-05-23 10:55:24,19.2,7.9,48.4
2026-05-23 10:55:27,21.1,7.4,25.8
2026-05-23 10:55:30,23.6,8.8,16.4
2026-05-23 10:55:33,20.5,7.8,45.0
2026-05-23 10:55:36,19.4,6.1,89.9
2026-05-23 10:55:39,19.6,7.4,106.2
2026-05-23 10:55:42,19.6,8.2,3.3
2026-05-23 10:55:45,29.9,7.6,17.8
2026-05-23 10:55:48,27.9,8.3,93.7
2026-05-23 10:55:51,17.7,6.1,1.8
2026-05-23 10:55:55,15.7,7.5,4.3
2026-05-23 10:55:58,17.2,8.6,95.7
2026-05-23 10:56:01,29.3,6.1,93.8
2026-05-23 10:56:04,19.4,7.7,47.1
2026-05-23 10:56:07,20.2,8.3,38.3
2026-05-23 10:56:10,19.2,6.6,1.5
2026-05-23 10:56:13,25.8,6.2,113.4
2026-05-23 10:56:16,20.1,6.9,59.7
2026-05-23 10:56:19,19.5,7.0,114.1
2026-05-23 10:56:22,20.2,6.5,99.1
2026-05-23 10:56:25,24.6,6.5,31.9
2026-05-23 10:56:28,15.8,6.3,50.2
2026-05-23 10:56:31,27.3,7.0,89.5
2026-05-23 10:56:34,25.0,6.9,25.9
2026-05-23 10:56:37,29.6,6.0,6.9
2026-05-23 10:56:40,17.4,6.3,58.8
2026-05-23 10:56:43,17.4,8.7,71.6
2026-05-23 10:56:46,24.5,8.4,105.3
2026-05-23 10:56:49,18.0,8.3,79.1
2026-05-23 10:56:52,21.6,7.3,97.8
2026-05-23 10:56:55,15.9,8.0,28.5
2026-05-23 10:56:58,26.1,7.9,32.0
2026-05-23 10:57:01,23.6,8.8,26.5
2026-05-23 10:57:04,20.9,6.5,27.2
2026-05-23 10:57:07,18.2,7.0,88.8
2026-05-23 10:57:10,27.7,7.0,51.6
2026-05-23 10:57:13,16.6,6.3,8.8
2026-05-23 10:57:16,28.9,6.0,81.1
2026-05-23 10:57:19,17.3,6.1,65.6
2026-05-23 10:57:22,15.1,7.3,60.1
2026-05-23 10:57:25,24.5,6.7,116.1
2026-05-23 10:57:28,28.8,6.4,98.9
2026-05-23 10:57:31,17.2,8.5,45.7
2026-05-23 10:57:34,15.7,7.8,72.8
2026-05-23 10:57:37,27.9,7.5,7.5
2026-05-23 10:57:40,15.4,6.7,42.2
2026-05-23 10:57:43,16.2,7.2,65.5
2026-05-23 10:57:46,28.5,8.0,107.7
2026-05-23 10:57:49,19.5,7.9,59.5
2026-05-23 10:57:52,20.1,8.2,114.6
2026-05-23 10:57:55,16.2,8.1,100.3
2026-05-23 10:57:58,19.4,8.6,103.0
2026-05-23 10:58:01,17.5,7.3,29.9
2026-05-23 10:58:04,15.9,6.8,58.3
2026-05-23 10:58:07,21.4,8.1,38.5
2026-05-23 10:58:11,20.0,7.9,51.8
2026-05-23 10:58:14,26.4,6.8,5.8
2026-05-23 10:58:17,21.9,7.7,90.7
2026-05-23 10:58:20,20.3,8.0,89.0
2026-05-23 10:58:23,16.1,7.1,83.5
2026-05-23 10:58:26,15.3,8.8,33.7
2026-05-23 10:58:29,17.1,8.8,85.6
2026-05-23 10:58:32,28.4,7.9,30.7
2026-05-23 10:58:35,20.6,6.6,26.7
2026-05-23 10:58:38,27.1,7.7,93.9
2026-05-23 10:58:41,27.5,7.4,49.6
2026-05-23 10:58:44,21.6,8.8,51.7
2026-05-23 10:58:47,18.7,7.0,26.3
2026-05-23 10:58:50,18.9,8.1,56.5
2026-05-23 10:58:53,16.4,6.8,96.8
2026-05-23 10:58:56,25.2,6.7,47.6
2026-05-23 10:58:59,18.7,7.7,85.6
2026-05-23 10:59:02,21.5,8.4,51.6
2026-05-23 10:59:05,26.9,8.5,38.8
2026-05-23 10:59:08,25.5,6.6,63.4
2026-05-23 10:59:11,16.3,7.4,102.2
2026-05-23 10:59:14,29.8,7.1,111.2
2026-05-23 10:59:17,29.8,7.6,79.0
2026-05-23 10:59:20,29.9,7.9,94.9
2026-05-23 10:59:23,22.6,9.0,80.2
2026-05-23 10:59:26,19.0,6.6,103.9
2026-05-23 10:59:29,22.9,8.4,98.8
2026-05-23 10:59:32,18.7,6.9,40.4
2026-05-23 10:59:35,29.3,6.5,37.6
2026-05-23 10:59:38,18.7,7.8,109.3
2026-05-23 10:59:41,15.2,7.4,60.8
2026-05-23 10:59:44,22.4,6.3,76.6
2026-05-23 10:59:47,28.6,8.7,68.6
2026-05-23 10:59:50,23.0,6.7,64.2
2026-05-23 10:59:53,28.5,7.5,107.1
2026-05-23 10:59:56,16.7,6.0,41.6
2026-05-23 10:59:59,22.2,8.0,65.3
2026-05-23 11:00:02,26.2,9.0,2.1
2026-05-23 11:00:05,23.0,8.9,70.5
2026-05-23 11:00:08,24.5,7.5,11.4
2026-05-23 11:00:11,27.1,6.2,73.8
2026-05-23 11:00:14,22.5,8.0,54.1
2026-05-23 11:00:18,22.3,8.1,93.8
2026-05-23 11:00:21,18.4,8.4,58.2
2026-05-23 11:00:24,25.8,8.4,67.6
2026-05-23 11:00:27,25.3,7.7,89.9
2026-05-23 11:00:30,23.4,6.2,115.2
2026-05-23 11:00:33,22.2,6.8,7.6
2026-05-23 11:00:36,26.3,6.1,68.2
2026-05-23 11:00:39,22.8,8.8,79.9
2026-05-23 11:00:42,15.4,6.2,82.7
2026-05-23 11:00:45,17.1,6.1,3.2
2026-05-23 11:00:48,20.3,7.4,111.7
2026-05-23 11:00:51,29.2,8.4,100.4
2026-05-23 11:00:54,24.0,8.2,106.6
2026-05-23 11:00:57,20.9,7.2,30.0
2026-05-23 11:01:00,20.8,8.7,69.0
2026-05-23 11:01:03,19.9,6.9,70.1
2026-05-23 11:01:06,19.5,7.6,111.2
2026-05-23 11:01:09,17.6,8.1,60.3
2026-05-23 11:01:12,29.0,7.9,59.7
2026-05-23 11:01:15,26.7,8.7,44.5
2026-05-23 11:01:18,22.6,8.3,49.6
2026-05-23 11:01:21,19.1,7.9,84.2
2026-05-23 11:01:24,20.3,6.6,10.8
2026-05-23 11:01:27,28.2,7.0,76.1
2026-05-23 11:01:30,28.4,8.5,38.6
2026-05-23 11:01:33,17.7,7.9,73.3
2026-05-23 11:01:36,19.4,8.2,19.0
2026-05-23 11:01:39,28.2,8.2,86.2
2026-05-23 11:01:42,16.5,6.7,57.4
2026-05-23 11:01:45,21.9,7.9,10.6
2026-05-23 11:01:48,29.5,8.8,99.9
2026-05-23 11:01:51,17.7,7.0,90.4
2026-05-23 11:01:54,15.1,7.8,15.5
2026-05-23 11:01:57,23.3,8.7,42.1
2026-05-23 11:02:00,16.8,8.4,28.3
2026-05-23 11:02:03,15.9,7.0,81.0
2026-05-23 11:02:06,20.4,6.4,27.2
2026-05-23 11:02:09,28.5,6.2,7.0
2026-05-23 11:02:12,17.1,6.2,118.7
2026-05-23 11:02:15,16.2,8.0,4.3
2026-05-23 11:02:18,23.8,6.4,77.0
2026-05-23 11:02:21,20.5,7.7,67.4
2026-05-23 11:02:24,28.9,6.4,80.4
2026-05-23 11:02:27,26.0,7.2,91.0
2026-05-23 11:02:31,17.8,8.3,49.8
2026-05-23 11:02:34,24.6,7.3,84.6
2026-05-23 11:02:37,23.8,8.4,70.9
2026-05-23 11:02:40,26.6,8.3,39.6
2026-05-23 11:02:43,21.6,6.5,119.8
2026-05-23 11:02:46,23.7,6.4,53.0
2026-05-23 11:02:49,18.6,6.3,1.2
2026-05-23 11:02:52,23.0,6.2,67.2
2026-05-23 11:02:55,21.1,9.0,40.1
2026-05-23 11:02:58,24.4,8.9,91.9
2026-05-23 11:03:01,19.3,8.7,83.1
2026-05-23 11:03:04,19.4,7.8,29.7
2026-05-23 11:03:07,16.8,8.4,17.9
2026-05-23 11:03:10,24.6,6.3,118.2
2026-05-23 11:03:13,27.3,8.0,65.7
2026-05-23 11:03:16,19.8,8.4,45.8
2026-05-23 11:03:19,20.1,7.5,1.0
2026-05-23 11:03:22,15.6,7.1,91.2
2026-05-23 11:03:25,22.9,8.7,61.1
2026-05-23 11:03:28,29.8,8.5,43.2
2026-05-23 11:03:31,18.3,6.5,90.4
2026-05-23 11:03:34,15.8,8.5,77.0
2026-05-23 11:03:37,29.6,6.6,30.5
2026-05-23 11:03:40,27.0,6.9,25.9
2026-05-23 11:03:43,17.7,7.6,5.9
2026-05-23 11:03:46,28.3,7.7,39.1
2026-05-23 11:03:49,17.5,6.1,76.4
2026-05-23 11:03:52,19.0,8.5,95.2
2026-05-23 11:03:55,19.3,7.3,111.7
2026-05-23 11:03:58,29.4,6.7,65.2
2026-05-23 11:04:01,16.9,6.7,1.3
2026-05-23 11:04:04,21.5,6.8,1.3
2026-05-23 11:04:07,22.1,7.6,83.8
2026-05-23 11:04:10,15.8,6.6,34.3
2026-05-23 11:04:13,26.4,7.9,24.9
2026-05-23 11:04:16,17.3,6.6,24.7
2026-05-23 11:04:19,18.6,8.3,26.6
2026-05-23 11:04:22,28.8,7.9,111.0
2026-05-23 11:04:25,28.0,8.7,95.2
2026-05-23 11:04:28,19.5,6.0,102.8
2026-05-23 11:04:32,23.7,7.1,50.5
2026-05-23 11:04:35,27.2,7.5,65.9
2026-05-23 11:04:38,25.5,8.8,66.9
2026-05-23 11:04:41,20.3,6.9,106.3
2026-05-23 11:04:44,16.9,7.2,75.4
2026-05-23 11:04:47,18.1,8.3,94.2
2026-05-23 11:04:50,17.0,8.0,62.0
2026-05-23 11:04:53,27.5,7.8,102.3
2026-05-23 11:04:56,18.1,7.6,14.4
2026-05-23 11:04:59,28.8,8.1,44.0
2026-05-23 11:05:02,30.0,6.2,20.0
2026-05-23 11:05:05,27.2,8.6,16.7
2026-05-23 11:05:08,18.2,7.3,36.7
2026-05-23 11:05:11,21.0,8.2,111.9
2026-05-23 11:05:14,27.7,8.8,59.9
2026-05-23 11:05:17,20.5,8.6,3.6
2026-05-23 11:05:20,16.2,7.4,97.4
2026-05-23 11:05:23,26.6,9.0,55.7
2026-05-23 11:05:26,15.8,8.6,56.4
2026-05-23 11:05:29,25.4,6.8,113.8
2026-05-23 11:05:32,25.1,8.8,92.2
2026-05-23 11:05:35,15.2,7.1,61.1
2026-05-23 11:05:38,16.7,7.7,27.2
2026-05-23 11:05:41,21.5,7.8,11.4
2026-05-23 11:05:44,18.2,7.6,57.4
2026-05-23 11:05:47,23.8,7.5,12.0
2026-05-23 11:05:50,27.1,8.3,23.1
2026-05-23 11:05:53,24.8,7.9,43.0
2026-05-23 11:05:56,28.8,8.7,72.3
2026-05-23 11:05:59,24.4,6.4,74.7
2026-05-23 11:06:02,25.0,6.0,34.3
2026-05-23 11:06:05,28.4,6.5,2.6
2026-05-23 11:06:08,16.5,7.1,93.9
2026-05-23 11:06:11,25.4,8.4,20.6
2026-05-23 11:06:14,19.3,7.2,84.3
2026-05-23 11:06:17,15.2,7.3,45.9
2026-05-23 11:06:20,22.2,6.5,85.8
2026-05-23 11:06:23,28.2,6.7,92.7
2026-05-23 11:06:26,24.1,7.8,5.1
2026-05-23 11:06:30,27.0,6.2,77.0
2026-05-23 11:06:33,29.3,8.0,32.9
2026-05-23 11:06:36,28.0,7.1,43.3
2026-05-23 11:06:39,15.6,7.4,88.4
2026-05-23 11:06:42,15.6,8.6,97.4
2026-05-23 11:06:45,20.9,8.4,55.8
2026-05-23 11:06:48,15.5,8.6,49.0
2026-05-23 11:06:51,26.9,6.4,73.9
2026-05-23 11:06:54,15.9,8.1,105.1
2026-05-23 11:06:57,18.7,7.3,102.5
2026-05-23 11:07:00,25.4,7.8,89.1
2026-05-23 11:07:03,29.0,7.6,22.4
2026-05-23 11:07:06,20.0,6.4,49.4
2026-05-23 11:07:09,20.0,8.6,82.8
2026-05-23 11:07:12,20.3,7.1,38.0
2026-05-23 11:07:15,18.9,6.3,113.0
2026-05-23 11:07:18,29.2,6.0,78.1
2026-05-23 11:07:21,24.1,6.9,4.3
2026-05-23 11:07:24,22.0,6.4,95.2
2026-05-23 11:07:27,28.2,7.7,117.3
2026-05-23 11:07:30,22.2,6.3,40.7
2026-05-23 11:07:33,20.9,7.7,10.6
2026-05-23 11:07:36,21.0,7.5,90.3
2026-05-23 11:07:39,18.3,7.7,103.4
2026-05-23 11:07:42,15.5,7.8,104.6
2026-05-23 11:07:45,17.7,8.5,28.6
2026-05-23 11:07:48,28.2,6.1,48.2
2026-05-23 11:07:51,27.5,8.1,91.3
2026-05-23 11:07:54,17.0,8.8,66.1
2026-05-23 11:07:57,24.2,8.7,112.9
2026-05-23 11:08:00,26.6,8.2,36.5
2026-05-23 11:08:03,17.1,6.4,80.7
2026-05-23 11:08:06,26.8,7.3,74.1
2026-05-23 11:08:09,21.1,7.6,20.8
2026-05-23 11:08:12,22.4,7.5,72.2
2026-05-23 11:08:15,17.8,6.2,75.5
2026-05-23 11:08:18,28.3,8.8,34.7
2026-05-23 11:08:21,23.7,6.2,39.5
2026-05-23 11:08:24,23.3,8.5,96.2
2026-05-23 11:08:27,28.4,7.4,50.9
2026-05-23 11:08:30,24.2,8.7,70.5
2026-05-23 11:08:33,29.5,6.6,3.2
2026-05-23 11:08:36,20.4,7.4,99.8
2026-05-23 11:08:39,23.6,6.4,117.1
2026-05-23 11:08:42,29.1,7.6,103.8
2026-05-23 11:08:46,15.7,8.4,62.3
2026-05-23 11:08:49,20.9,8.1,108.6
2026-05-23 11:08:52,18.3,6.7,9.3
2026-05-23 11:08:55,24.3,6.9,100.9
2026-05-23 11:08:58,25.1,6.3,67.0
2026-05-23 11:09:01,24.0,8.7,88.2
2026-05-23 11:09:04,21.8,8.9,75.3
2026-05-23 11:09:07,16.2,6.8,118.9
2026-05-23 11:09:10,15.6,6.5,32.3
2026-05-23 11:09:13,16.3,7.8,96.9
2026-05-23 11:09:16,23.6,7.7,7.5
2026-05-23 11:09:19,27.5,6.9,25.3
2026-05-23 11:09:22,23.5,7.1,26.5
2026-05-23 11:09:25,28.3,8.8,52.2
2026-05-23 11:09:28,16.1,8.4,75.8
2026-05-23 11:09:31,18.9,7.5,96.4
2026-05-23 11:09:34,20.5,6.5,93.0
2026-05-23 11:09:37,25.6,8.0,20.4
2026-05-23 11:09:40,20.4,7.7,24.3
2026-05-23 11:09:43,20.2,7.5,34.1
2026-05-23 11:09:46,15.7,7.0,97.4
2026-05-23 11:09:49,21.5,8.8,23.5
2026-05-23 11:09:52,30.0,7.9,99.1
2026-05-23 11:09:55,23.2,6.3,23.0
2026-05-23 11:09:58,17.7,8.2,104.8
2026-05-23 11:10:01,19.9,6.1,115.1
2026-05-23 11:10:04,29.1,6.8,54.3
2026-05-23 11:10:07,27.3,7.4,113.3
2026-05-23 11:10:10,29.2,6.6,69.9
2026-05-23 11:10:13,15.7,8.8,66.3
2026-05-23 11:10:16,28.9,9.0,72.2
2026-05-23 11:10:19,21.1,7.1,67.1
2026-05-23 11:10:22,25.1,7.4,50.0
2026-05-23 11:10:25,26.2,6.1,65.4
2026-05-23 11:10:28,26.0,7.5,15.9
2026-05-23 11:10:31,28.8,7.4,37.5
2026-05-23 11:10:34,28.8,8.8,31.4
2026-05-23 11:10:37,17.9,8.4,59.7
2026-05-23 11:10:40,26.3,6.5,32.6
2026-05-23 11:10:43,26.1,7.8,3.4
2026-05-23 11:10:46,24.1,6.8,67.6
2026-05-23 11:10:49,24.5,8.7,112.1
2026-05-23 11:10:52,20.2,9.0,12.6
2026-05-23 11:10:55,24.4,8.2,69.5
2026-05-23 11:10:58,20.5,8.4,98.1
2026-05-23 11:11:02,25.0,7.8,9.2
2026-05-23 11:11:05,23.9,6.1,116.7
2026-05-23 11:11:08,22.5,6.7,21.8
2026-05-23 11:11:11,18.8,7.9,70.3
2026-05-23 11:11:14,17.8,8.8,46.0
2026-05-23 11:11:17,18.9,6.5,95.1
2026-05-23 11:11:20,15.1,7.9,6.4
2026-05-23 11:11:23,16.0,7.1,107.1
2026-05-23 11:11:26,19.3,7.9,22.9
2026-05-23 11:11:29,18.6,6.1,31.2
2026-05-23 11:11:32,29.7,7.7,48.1
2026-05-23 11:11:35,25.6,7.6,24.7
2026-05-23 11:11:38,22.6,7.3,111.6
2026-05-23 11:11:41,22.7,8.4,43.7
2026-05-23 11:11:44,24.7,8.2,53.0
2026-05-23 11:11:47,20.4,8.9,37.3
2026-05-23 11:11:50,21.4,7.6,3.7
2026-05-23 11:11:53,26.4,8.8,66.4
2026-05-23 11:11:56,25.2,8.2,99.5
2026-05-23 11:11:59,21.3,8.5,112.7
2026-05-23 11:12:02,29.9,8.2,48.8
2026-05-23 11:12:05,15.2,7.8,112.7
2026-05-23 11:12:08,23.2,8.3,89.2
2026-05-23 11:12:11,17.0,6.8,45.3
2026-05-23 11:12:14,26.3,8.5,67.1
2026-05-23 11:12:17,29.0,8.0,65.2
2026-05-23 11:12:20,17.0,8.6,75.4
2026-05-23 11:12:23,26.8,8.9,15.0
2026-05-23 11:12:26,21.9,8.8,52.7
2026-05-23 11:12:29,26.1,8.3,69.0
2026-05-23 11:12:32,20.7,7.1,90.2
2026-05-23 11:12:35,21.5,9.0,38.1
2026-05-23 11:12:38,18.5,6.5,2.8
2026-05-23 11:12:41,27.6,6.0,104.9
2026-05-23 11:12:44,22.6,6.3,105.3
2026-05-23 11:12:47,27.5,6.4,9.4
2026-05-23 11:12:50,29.4,8.4,40.6
2026-05-23 11:12:53,24.1,8.9,84.0
2026-05-23 11:12:56,19.3,7.9,1.4
2026-05-23 11:12:59,24.5,6.2,109.2
2026-05-23 11:13:02,27.5,7.3,88.4
2026-05-23 11:13:06,15.2,8.7,119.3
2026-05-23 11:13:09,18.7,6.1,117.2
2026-05-23 11:13:12,19.2,6.6,61.3
2026-05-23 11:13:15,24.6,7.1,108.0
2026-05-23 11:13:18,20.0,7.9,49.1
2026-05-23 11:13:21,29.6,7.1,36.4
2026-05-23 11:13:24,24.1,9.0,72.4
2026-05-23 11:13:27,17.8,8.1,5.0
2026-05-23 11:13:30,19.7,6.8,73.5
2026-05-23 11:13:33,26.9,7.9,44.2
2026-05-23 11:13:36,19.2,7.3,13.7
2026-05-23 11:13:39,15.5,7.0,56.9
2026-05-23 11:13:42,24.7,8.0,50.2
2026-05-23 11:13:45,25.6,7.4,84.9
2026-05-23 11:13:48,22.5,7.1,66.1
2026-05-23 11:13:51,18.4,6.9,91.5
2026-05-23 11:13:54,24.4,6.1,40.4
2026-05-23 11:13:57,21.0,6.0,67.6
2026-05-23 11:14:00,23.7,8.5,53.2
2026-05-23 11:14:03,16.6,7.9,10.6
2026-05-23 11:14:06,25.2,6.7,38.4
2026-05-23 11:14:09,20.6,7.6,12.4
2026-05-23 11:14:12,26.6,6.4,58.8
2026-05-23 11:14:15,19.8,8.7,75.3
2026-05-23 11:14:18,20.8,6.7,37.9
2026-05-23 11:14:21,25.4,8.7,52.8
2026-05-23 11:14:24,24.4,7.7,79.4
2026-05-23 11:14:27,23.6,7.4,36.6
2026-05-23 11:14:30,22.2,6.8,45.9
2026-05-23 11:14:33,27.0,7.7,47.8
2026-05-23 11:14:36,25.3,7.6,32.2
2026-05-23 11:14:39,23.1,8.6,56.7
2026-05-23 11:14:42,25.7,8.4,25.8
2026-05-23 11:14:45,29.0,6.6,118.6
2026-05-23 11:14:48,19.3,7.5,99.6
2026-05-23 11:14:51,15.5,7.6,42.5
2026-05-23 11:14:54,23.2,7.8,36.0
2026-05-23 11:14:57,16.9,7.7,14.1
2026-05-23 11:15:00,21.0,6.5,36.3
2026-05-23 11:15:03,17.7,8.8,50.5
2026-05-23 11:15:06,22.5,8.9,70.3
2026-05-23 11:15:09,18.9,8.6,61.9
2026-05-23 11:15:13,17.2,8.3,21.3
2026-05-23 11:15:16,17.1,8.8,10.4
2026-05-23 11:15:19,25.4,7.7,23.7
2026-05-23 11:15:22,18.2,8.5,26.5
2026-05-23 11:15:25,29.1,6.4,56.1
2026-05-23 11:15:28,21.9,8.3,28.8
2026-05-23 11:15:31,16.7,6.8,113.1
2026-05-23 11:15:34,23.0,7.9,99.0
2026-05-23 11:15:37,28.5,7.3,37.8
2026-05-23 11:15:40,24.2,7.7,36.9
2026-05-23 11:15:43,23.1,7.4,3.5
2026-05-23 11:15:46,28.6,8.2,104.3
2026-05-23 11:15:49,28.3,6.4,118.5
2026-05-23 11:15:52,19.1,7.4,12.2
2026-05-23 11:15:55,25.5,8.2,43.8
2026-05-23 11:15:58,20.4,6.9,105.7
2026-05-23 11:16:01,18.1,9.0,50.5
2026-05-23 11:16:04,28.6,8.8,3.8
2026-05-23 11:16:07,25.1,6.3,42.6
2026-05-23 11:16:10,20.4,7.9,40.6
2026-05-23 11:16:13,24.0,8.6,99.1
2026-05-23 11:16:16,28.6,7.5,119.2
2026-05-23 11:16:19,24.0,7.9,109.8
2026-05-23 11:16:22,24.3,6.7,75.2
2026-05-23 11:16:25,25.7,6.7,115.4
2026-05-23 11:16:28,15.6,8.9,109.5
2026-05-23 11:16:31,18.2,8.3,24.6
2026-05-23 11:16:34,21.2,7.8,98.5
2026-05-23 11:16:37,25.0,8.2,92.4
2026-05-23 11:16:40,20.4,7.7,4.1
2026-05-23 11:16:43,24.2,6.2,7.0
2026-05-23 11:16:46,23.6,6.7,46.8
2026-05-23 11:16:49,18.8,7.4,29.1
2026-05-23 11:16:52,19.3,8.7,53.4
2026-05-23 11:16:55,28.8,7.1,15.1
2026-05-23 11:16:58,15.3,7.4,105.2
2026-05-23 11:17:01,26.5,7.5,73.9
2026-05-23 11:17:04,22.4,8.4,72.1
2026-05-23 11:17:07,15.3,7.0,21.6
2026-05-23 11:17:10,18.7,7.6,17.9
2026-05-23 11:17:13,18.1,8.0,86.5
2026-05-23 11:17:16,15.4,7.2,111.0
2026-05-23 11:17:19,15.8,6.7,38.1
2026-05-23 11:17:23,24.8,8.5,54.1
2026-05-23 11:17:26,28.3,7.2,51.9
2026-05-23 11:17:29,25.2,8.8,106.2
2026-05-23 11:17:32,16.5,6.2,35.8
2026-05-23 11:17:35,25.1,8.4,83.3
2026-05-23 11:17:38,29.1,6.9,26.8
2026-05-23 11:17:41,20.5,8.1,77.4
2026-05-23 11:17:44,25.9,7.6,93.8
2026-05-23 11:17:47,22.0,6.3,11.1
2026-05-23 11:17:50,23.8,6.4,60.8
2026-05-23 11:17:53,19.8,8.3,41.9
2026-05-23 11:17:56,15.3,6.3,117.9
2026-05-23 11:17:59,24.8,7.8,54.5
2026-05-23 11:18:02,26.2,8.3,37.6
2026-05-23 11:18:05,28.7,7.6,35.9
2026-05-23 11:18:08,23.4,8.8,87.0
2026-05-23 11:18:11,15.1,7.5,20.4
2026-05-23 11:18:14,17.6,6.7,82.0
2026-05-23 11:18:17,19.3,7.1,9.2
2026-05-23 11:18:20,27.1,6.8,104.9
2026-05-23 11:18:23,28.2,6.9,97.8
2026-05-23 11:18:26,17.0,7.0,93.7
2026-05-23 11:18:29,21.7,7.7,52.7
2026-05-23 11:18:32,19.2,8.2,1.5
2026-05-23 11:18:35,28.3,8.8,111.9
2026-05-23 11:18:38,20.5,7.6,1.7
2026-05-23 11:18:41,16.2,8.4,54.1
2026-05-23 11:18:44,27.6,8.2,41.4
2026-05-23 11:18:47,21.7,7.3,93.5
2026-05-23 11:18:50,18.2,8.7,81.0
2026-05-23 11:18:53,26.4,7.5,116.8
2026-05-23 11:18:56,25.0,6.6,23.6
2026-05-23 11:18:59,22.0,6.5,46.7
2026-05-23 11:19:02,21.0,6.9,54.9
2026-05-23 11:19:05,16.1,6.6,112.5
2026-05-23 11:19:08,27.5,7.0,23.8
2026-05-23 11:19:11,21.9,6.7,115.2
2026-05-23 11:19:14,28.1,7.5,8.1
2026-05-23 11:19:17,22.7,7.5,58.9
2026-05-23 11:19:20,27.3,8.1,84.4
2026-05-23 11:19:23,17.5,6.8,7.7
2026-05-23 11:19:27,16.7,8.2,103.4
2026-05-23 11:19:30,28.8,7.4,69.1
2026-05-23 11:19:33,15.7,8.5,22.4
2026-05-23 11:19:36,22.1,7.4,92.6
2026-05-23 11:19:39,28.5,8.6,70.2
2026-05-23 11:19:42,16.7,7.2,97.0
2026-05-23 11:19:45,20.2,6.4,102.7
2026-05-23 11:19:48,18.2,8.6,26.1
2026-05-23 11:19:51,17.9,6.1,12.7
2026-05-23 11:19:54,24.8,7.9,68.4
2026-05-23 11:19:57,15.0,8.1,2.0
2026-05-23 11:20:00,17.9,6.7,80.3
2026-05-23 11:20:03,17.8,6.0,59.1
2026-05-23 11:20:06,27.4,7.2,34.7
2026-05-23 11:20:09,23.6,8.1,63.9
2026-05-23 11:20:12,20.2,7.3,72.0
2026-05-23 11:20:15,19.1,8.5,15.0
2026-05-23 11:20:18,28.7,6.8,90.1
2026-05-23 11:20:21,29.4,8.1,42.3
2026-05-23 11:20:24,26.9,8.0,74.1
2026-05-23 11:20:27,25.1,7.6,55.7
2026-05-23 11:20:30,23.8,6.7,76.4
2026-05-23 11:20:33,20.1,7.5,99.9
2026-05-23 11:20:36,17.6,7.0,68.8
2026-05-23 11:20:39,29.5,6.5,43.4
2026-05-23 11:20:42,25.1,7.3,21.3
2026-05-23 11:20:45,16.0,6.2,39.3
2026-05-23 11:20:48,23.6,8.8,99.1
2026-05-23 11:20:51,23.3,8.3,80.1
2026-05-23 11:20:54,15.6,6.1,109.7
2026-05-23 11:20:57,26.2,8.6,3.0
2026-05-23 11:21:00,26.3,6.4,112.8
2026-05-23 11:21:03,25.5,8.5,36.9
2026-05-23 11:21:06,20.2,6.6,67.8
2026-05-23 11:21:09,20.2,8.8,113.4
2026-05-23 11:21:12,17.3,6.5,99.7
2026-05-23 11:21:15,27.3,8.3,7.0
2026-05-23 11:21:18,23.1,8.9,95.7
2026-05-23 11:21:21,16.1,7.1,17.1
2026-05-23 11:21:24,15.1,7.2,4.2
2026-05-23 11:21:27,17.6,8.2,42.9
2026-05-23 11:21:30,27.8,8.0,24.9
2026-05-23 11:21:33,17.2,7.4,13.7
2026-05-23 11:21:36,23.2,8.3,109.0
2026-05-23 11:21:39,26.1,8.8,22.1
2026-05-23 11:21:42,16.3,8.0,86.4
2026-05-23 11:21:45,18.0,7.7,21.0
2026-05-23 11:21:48,21.4,7.0,19.3
2026-05-23 11:21:51,15.3,6.7,96.2
2026-05-23 11:21:54,17.8,8.6,29.2
2026-05-23 11:21:57,21.5,6.5,105.3
2026-05-23 11:22:00,28.8,7.8,1.3
2026-05-23 11:22:03,16.2,7.2,96.4
2026-05-23 11:22:06,18.0,6.8,90.4
2026-05-23 11:22:09,17.8,6.7,67.4
2026-05-23 11:22:12,23.9,8.2,77.6
2026-05-23 11:22:15,29.3,7.4,35.9
2026-05-23 11:22:18,21.0,8.2,25.4
2026-05-23 11:22:22,17.6,7.5,67.8
2026-05-23 11:22:25,20.4,7.9,10.3
